ngram,3M,M,M,M
1500,9.122362826019526e-06,6.215968733158661e-05,6.215968733158661e-05,6.215968733158661e-05
1501,7.297890260815621e-06,4.972774986526929e-05,4.972774986526929e-05,4.972774986526929e-05
1502,6.081575217346351e-06,4.4954008747784734e-05,4.4954008747784734e-05,4.4954008747784734e-05
1503,5.212778757725443e-06,4.745667424036323e-05,4.745667424036323e-05,4.745667424036323e-05
1504,0.0,5.145882304142495e-05,5.145882304142495e-05,5.145882304142495e-05
1505,0.0,4.690849190020734e-05,4.690849190020734e-05,4.690849190020734e-05
1506,0.0,6.211333909180081e-05,6.211333909180081e-05,6.211333909180081e-05
1507,0.0,6.211333909180081e-05,6.211333909180081e-05,6.211333909180081e-05
1508,0.0,6.211333909180081e-05,6.211333909180081e-05,6.211333909180081e-05
1509,0.0,5.910115292603483e-05,5.910115292603483e-05,5.910115292603483e-05
1510,0.0,5.0176486183772795e-05,5.0176486183772795e-05,5.0176486183772795e-05
1511,0.0,1.9308477151623394e-05,1.9308477151623394e-05,1.9308477151623394e-05
1512,0.0,1.5204847191593476e-05,1.5204847191593476e-05,1.5204847191593476e-05
1513,0.0,0.0,0.0,0.0
1514,0.0,1.7139669320645875e-06,1.7139669320645875e-06,1.7139669320645875e-06
1515,0.0,1.7139669320645875e-06,1.7139669320645875e-06,1.7139669320645875e-06
1516,0.0,1.7139669320645875e-06,1.7139669320645875e-06,1.7139669320645875e-06
1517,0.0,1.1276949278128865e-05,1.1276949278128865e-05,1.1276949278128865e-05
1518,0.0,1.1276949278128865e-05,1.1276949278128865e-05,1.1276949278128865e-05
1519,0.0,1.1276949278128865e-05,1.1276949278128865e-05,1.1276949278128865e-05
1520,0.0,1.5149797296284565e-05,1.5149797296284565e-05,1.5149797296284565e-05
1521,0.0,1.3435830364219978e-05,1.3435830364219978e-05,1.3435830364219978e-05
1522,0.0,1.3435830364219978e-05,1.3435830364219978e-05,1.3435830364219978e-05
1523,0.0,1.774814544270547e-05,1.774814544270547e-05,1.774814544270547e-05
1524,6.19403415060203e-06,1.8508553694118746e-05,1.8508553694118746e-05,1.8508553694118746e-05
1525,6.19403415060203e-06,1.8508553694118746e-05,1.8508553694118746e-05,1.8508553694118746e-05
1526,6.19403415060203e-06,4.5205832066130824e-05,4.5205832066130824e-05,4.5205832066130824e-05
1527,6.19403415060203e-06,4.133298404797513e-05,4.133298404797513e-05,4.133298404797513e-05
1528,6.19403415060203e-06,4.969484351542113e-05,4.969484351542113e-05,4.969484351542113e-05
1529,6.19403415060203e-06,4.969484351542113e-05,4.969484351542113e-05,4.969484351542113e-05
1530,6.19403415060203e-06,0.00010661420206555963,0.00010661420206555963,0.00010661420206555963
1531,0.0,9.629081146808208e-05,9.629081146808208e-05,9.629081146808208e-05
1532,0.0,9.85453945239507e-05,9.85453945239507e-05,9.85453945239507e-05
1533,0.0,7.184811615193862e-05,7.184811615193862e-05,7.184811615193862e-05
1534,0.0,7.887046974376841e-05,7.887046974376841e-05,7.887046974376841e-05
1535,0.0,7.314417728464053e-05,7.314417728464053e-05,7.314417728464053e-05
1536,0.0,7.448597040950387e-05,7.448597040950387e-05,7.448597040950387e-05
1537,0.0,1.3254296780879876e-05,1.3254296780879876e-05,1.3254296780879876e-05
1538,0.0,1.6430735351085396e-05,1.6430735351085396e-05,1.6430735351085396e-05
1539,8.301111457902672e-07,3.0778375211022126e-05,3.0778375211022126e-05,3.0778375211022126e-05
1540,8.301111457902672e-07,3.0778375211022126e-05,3.0778375211022126e-05,3.0778375211022126e-05
1541,8.301111457902672e-07,2.3756021619192325e-05,2.3756021619192325e-05,2.3756021619192325e-05
1542,8.301111457902672e-07,3.165297909747876e-05,3.165297909747876e-05,3.165297909747876e-05
1543,8.301111457902672e-07,3.0311185972615412e-05,3.0311185972615412e-05,3.0311185972615412e-05
1544,8.301111457902672e-07,7.57984980737092e-05,7.57984980737092e-05,7.57984980737092e-05
1545,1.0980312481478904e-06,7.798046135576442e-05,7.798046135576442e-05,7.798046135576442e-05
1546,5.476262978325914e-07,7.228678025837456e-05,7.228678025837456e-05,7.228678025837456e-05
1547,5.476262978325914e-07,7.556392146008355e-05,7.556392146008355e-05,7.556392146008355e-05
1548,5.476262978325914e-07,7.70501311697964e-05,7.70501311697964e-05,7.70501311697964e-05
1549,5.476262978325914e-07,6.89429221633223e-05,6.89429221633223e-05,6.89429221633223e-05
1550,5.476262978325914e-07,8.083052827194999e-05,8.083052827194999e-05,8.083052827194999e-05
1551,5.476262978325914e-07,3.5343216170856196e-05,3.5343216170856196e-05,3.5343216170856196e-05
1552,2.7970619547496814e-07,3.503259150810274e-05,3.503259150810274e-05,3.503259150810274e-05
1553,0.0,2.4124049689687255e-05,2.4124049689687255e-05,2.4124049689687255e-05
1554,0.0,3.9360112818290614e-05,3.9360112818290614e-05,3.9360112818290614e-05
1555,0.0,4.147981313248498e-05,4.147981313248498e-05,4.147981313248498e-05
1556,0.0,0.00011920197305568893,0.00011920197305568893,0.00011920197305568893
1557,0.0,0.00010731436694706125,0.00010731436694706125,0.00010731436694706125
1558,0.0,0.00011072461035967405,0.00011072461035967405,0.00011072461035967405
1559,0.0,0.00010567683317016677,0.00010567683317016677,0.00010567683317016677
1560,0.0,0.00010747159415456866,0.00010747159415456866,0.00010747159415456866
1561,0.0,8.89583898242563e-05,8.89583898242563e-05,8.89583898242563e-05
1562,1.7777145850621828e-06,9.068562368546347e-05,9.068562368546347e-05,9.068562368546347e-05
1563,1.7777145850621828e-06,1.37205003868855e-05,1.37205003868855e-05,1.37205003868855e-05
1564,1.7777145850621828e-06,1.37205003868855e-05,1.37205003868855e-05,1.37205003868855e-05
1565,1.7777145850621828e-06,2.649906725439775e-05,2.649906725439775e-05,2.649906725439775e-05
1566,1.7777145850621828e-06,5.69577953553692e-05,5.69577953553692e-05,5.69577953553692e-05
1567,1.7777145850621828e-06,7.017577549309603e-05,7.017577549309603e-05,7.017577549309603e-05
1568,1.7777145850621828e-06,8.782226359471679e-05,8.782226359471679e-05,8.782226359471679e-05
1569,0.0,8.545994101690926e-05,8.545994101690926e-05,8.545994101690926e-05
1570,1.511012253883694e-05,8.227758891215282e-05,8.227758891215282e-05,8.227758891215282e-05
1571,1.511012253883694e-05,8.47294405892691e-05,8.47294405892691e-05,8.47294405892691e-05
1572,1.511012253883694e-05,7.010051272767928e-05,7.010051272767928e-05,7.010051272767928e-05
1573,1.511012253883694e-05,4.467542203201447e-05,4.467542203201447e-05,4.467542203201447e-05
1574,1.511012253883694e-05,3.837806564531222e-05,3.837806564531222e-05,3.837806564531222e-05
1575,1.511012253883694e-05,2.8275255057711286e-05,2.8275255057711286e-05,2.8275255057711286e-05
1576,1.511012253883694e-05,3.116327960534753e-05,3.116327960534753e-05,3.116327960534753e-05
1577,0.0,3.626623142086568e-05,3.626623142086568e-05,3.626623142086568e-05
1578,0.0,4.8750992521360915e-05,4.8750992521360915e-05,4.8750992521360915e-05
1579,0.0,4.9778129323385656e-05,4.9778129323385656e-05,4.9778129323385656e-05
1580,0.0,7.049647371916632e-05,7.049647371916632e-05,7.049647371916632e-05
1581,0.0,6.534093336085789e-05,6.534093336085789e-05,6.534093336085789e-05
1582,4.189813742933828e-07,6.240605112647504e-05,6.240605112647504e-05,6.240605112647504e-05
1583,4.189813742933828e-07,6.1113120214681e-05,6.1113120214681e-05,6.1113120214681e-05
1584,4.189813742933828e-07,5.690927998460081e-05,5.690927998460081e-05,5.690927998460081e-05
1585,4.189813742933828e-07,4.5180874686983384e-05,4.5180874686983384e-05,4.5180874686983384e-05
1586,4.189813742933828e-07,5.6971731867504006e-05,5.6971731867504006e-05,5.6971731867504006e-05
1587,4.189813742933828e-07,3.814134151980397e-05,3.814134151980397e-05,3.814134151980397e-05
1588,4.189813742933828e-07,3.6590014588000486e-05,3.6590014588000486e-05,3.6590014588000486e-05
1589,0.0,3.328830455627342e-05,3.328830455627342e-05,3.328830455627342e-05
1590,0.0,3.210207296433509e-05,3.210207296433509e-05,3.210207296433509e-05
1591,0.0,3.7599764514847524e-05,3.7599764514847524e-05,3.7599764514847524e-05
1592,0.0,4.155521855864208e-05,4.155521855864208e-05,4.155521855864208e-05
1593,0.0,3.0973046575257156e-05,3.0973046575257156e-05,3.0973046575257156e-05
1594,0.0,4.349671793793927e-05,4.349671793793927e-05,4.349671793793927e-05
1595,0.0,4.554537424285497e-05,4.554537424285497e-05,4.554537424285497e-05
1596,0.0,6.296551042136603e-05,6.296551042136603e-05,6.296551042136603e-05
1597,0.0,6.999716736442809e-05,6.999716736442809e-05,6.999716736442809e-05
1598,1.3270174901793196e-07,7.943610658652947e-05,7.943610658652947e-05,7.943610658652947e-05
1599,1.3270174901793196e-07,7.533813498282273e-05,7.533813498282273e-05,7.533813498282273e-05
1600,1.3270174901793196e-07,8.048894181099189e-05,8.048894181099189e-05,8.048894181099189e-05
1601,1.3270174901793196e-07,7.432570159185811e-05,7.432570159185811e-05,7.432570159185811e-05
1602,1.3270174901793196e-07,7.757657814571368e-05,7.757657814571368e-05,7.757657814571368e-05
1603,1.3270174901793196e-07,6.58552287079926e-05,6.58552287079926e-05,6.58552287079926e-05
1604,1.3270174901793196e-07,5.953037595775511e-05,5.953037595775511e-05,5.953037595775511e-05
1605,0.0,5.0890594658475106e-05,5.0890594658475106e-05,5.0890594658475106e-05
1606,0.0,5.535243482362213e-05,5.535243482362213e-05,5.535243482362213e-05
1607,0.0,5.088490589904333e-05,5.088490589904333e-05,5.088490589904333e-05
1608,0.0,3.979933691360722e-05,3.979933691360722e-05,3.979933691360722e-05
1609,0.0,4.720785675869722e-05,4.720785675869722e-05,4.720785675869722e-05
1610,0.0,4.619205304022346e-05,4.619205304022346e-05,4.619205304022346e-05
1611,0.0,4.650929362729325e-05,4.650929362729325e-05,4.650929362729325e-05
1612,0.0,4.603835051446887e-05,4.603835051446887e-05,4.603835051446887e-05
1613,0.0,4.698077568069233e-05,4.698077568069233e-05,4.698077568069233e-05
1614,0.0,5.0742037274176255e-05,5.0742037274176255e-05,5.0742037274176255e-05
1615,0.0,5.9592938279300665e-05,5.9592938279300665e-05,5.9592938279300665e-05
1616,0.0,5.460783047185812e-05,5.460783047185812e-05,5.460783047185812e-05
1617,1.2354133462265183e-07,5.368295699424509e-05,5.368295699424509e-05,5.368295699424509e-05
1618,1.2354133462265183e-07,5.3415268796795446e-05,5.3415268796795446e-05,5.3415268796795446e-05
1619,1.2354133462265183e-07,5.873144203048598e-05,5.873144203048598e-05,5.873144203048598e-05
1620,1.2354133462265183e-07,5.539917141764558e-05,5.539917141764558e-05,5.539917141764558e-05
1621,1.2354133462265183e-07,6.036185940112253e-05,6.036185940112253e-05,6.036185940112253e-05
1622,1.2354133462265183e-07,5.402784829909381e-05,5.402784829909381e-05,5.402784829909381e-05
1623,1.2354133462265183e-07,5.588119581391636e-05,5.588119581391636e-05,5.588119581391636e-05
1624,5.973287703194988e-07,7.00798534256007e-05,7.00798534256007e-05,7.00798534256007e-05
1625,5.973287703194988e-07,7.549625297542661e-05,7.549625297542661e-05,7.549625297542661e-05
1626,5.973287703194988e-07,7.883972388559155e-05,7.883972388559155e-05,7.883972388559155e-05
1627,5.973287703194988e-07,0.00010533676374637122,0.00010533676374637122,0.00010533676374637122
1628,9.9039854311351e-07,0.00010025727325618001,0.00010025727325618001,0.00010025727325618001
1629,9.9039854311351e-07,0.0001037143348574838,0.0001037143348574838,0.0001037143348574838
1630,1.0766475416598302e-06,0.00010730934913486376,0.00010730934913486376,0.00010730934913486376
1631,4.793187713403313e-07,9.41669350140728e-05,9.41669350140728e-05,9.41669350140728e-05
1632,4.793187713403313e-07,9.460174416225138e-05,9.460174416225138e-05,9.460174416225138e-05
1633,4.793187713403313e-07,8.75797429346546e-05,8.75797429346546e-05,8.75797429346546e-05
1634,4.793187713403313e-07,7.124887062153513e-05,7.124887062153513e-05,7.124887062153513e-05
1635,8.624899854632012e-08,7.349771320670178e-05,7.349771320670178e-05,7.349771320670178e-05
1636,8.624899854632012e-08,7.218801640971963e-05,7.218801640971963e-05,7.218801640971963e-05
1637,0.0,6.417788452901212e-05,6.417788452901212e-05,6.417788452901212e-05
1638,0.0,6.728134602391427e-05,6.728134602391427e-05,6.728134602391427e-05
1639,0.0,7.380258622496123e-05,7.380258622496123e-05,7.380258622496123e-05
1640,0.0,8.106675003156332e-05,8.106675003156332e-05,8.106675003156332e-05
1641,0.0,7.603509688384033e-05,7.603509688384033e-05,7.603509688384033e-05
1642,0.0,7.375905053257676e-05,7.375905053257676e-05,7.375905053257676e-05
1643,0.0,7.285962367729683e-05,7.285962367729683e-05,7.285962367729683e-05
1644,0.0,7.852253682878134e-05,7.852253682878134e-05,7.852253682878134e-05
1645,0.0,7.799131604510226e-05,7.799131604510226e-05,7.799131604510226e-05
1646,1.007384103754053e-07,7.498177417021777e-05,7.498177417021777e-05,7.498177417021777e-05
1647,1.007384103754053e-07,6.81988219314787e-05,6.81988219314787e-05,6.81988219314787e-05
1648,1.007384103754053e-07,6.70964696577617e-05,6.70964696577617e-05,6.70964696577617e-05
1649,1.007384103754053e-07,6.885693125825907e-05,6.885693125825907e-05,6.885693125825907e-05
1650,1.007384103754053e-07,7.106479513043138e-05,7.106479513043138e-05,7.106479513043138e-05
1651,1.007384103754053e-07,6.631620479830807e-05,6.631620479830807e-05,6.631620479830807e-05
1652,1.007384103754053e-07,6.575054950579735e-05,6.575054950579735e-05,6.575054950579735e-05
1653,1.5075155650785226e-07,6.378409619043981e-05,6.378409619043981e-05,6.378409619043981e-05
1654,1.5075155650785226e-07,6.385910923459701e-05,6.385910923459701e-05,6.385910923459701e-05
1655,2.0885460116915056e-07,6.497350113932043e-05,6.497350113932043e-05,6.497350113932043e-05
1656,2.0885460116915056e-07,7.917499481534054e-05,7.917499481534054e-05,7.917499481534054e-05
1657,2.0885460116915056e-07,8.104324920818076e-05,8.104324920818076e-05,8.104324920818076e-05
1658,2.0885460116915056e-07,8.309258919325657e-05,8.309258919325657e-05,8.309258919325657e-05
1659,2.0885460116915056e-07,0.00010044097559460039,0.00010044097559460039,0.00010044097559460039
1660,5.81030446612983e-08,9.684578721394896e-05,9.684578721394896e-05,9.684578721394896e-05
1661,5.81030446612983e-08,9.800471317638377e-05,9.800471317638377e-05,9.800471317638377e-05
1662,0.0,9.271425733459182e-05,9.271425733459182e-05,9.271425733459182e-05
1663,0.0,7.739349686224679e-05,7.739349686224679e-05,7.739349686224679e-05
1664,0.0,7.509878456143529e-05,7.509878456143529e-05,7.509878456143529e-05
1665,0.0,8.463029111486062e-05,8.463029111486062e-05,8.463029111486062e-05
1666,0.0,7.289612975520348e-05,7.289612975520348e-05,7.289612975520348e-05
1667,0.0,7.378585412100489e-05,7.378585412100489e-05,7.378585412100489e-05
1668,4.3753215907470026e-08,7.258994550543971e-05,7.258994550543971e-05,7.258994550543971e-05
1669,7.37073081934016e-08,7.45455119093614e-05,7.45455119093614e-05,7.45455119093614e-05
1670,7.37073081934016e-08,7.805986596005303e-05,7.805986596005303e-05,7.805986596005303e-05
1671,7.37073081934016e-08,7.88432007539086e-05,7.88432007539086e-05,7.88432007539086e-05
1672,7.37073081934016e-08,6.914158231146368e-05,6.914158231146368e-05,6.914158231146368e-05
1673,7.37073081934016e-08,6.495008191060541e-05,6.495008191060541e-05,6.495008191060541e-05
1674,7.37073081934016e-08,6.529665967848684e-05,6.529665967848684e-05,6.529665967848684e-05
1675,6.427259182016445e-08,6.530324857781775e-05,6.530324857781775e-05,6.530324857781775e-05
1676,3.431849953423287e-08,6.71149869698898e-05,6.71149869698898e-05,6.71149869698898e-05
1677,6.790469748401457e-08,6.27559571252537e-05,6.27559571252537e-05,6.27559571252537e-05
1678,6.790469748401457e-08,6.185874787791233e-05,6.185874787791233e-05,6.185874787791233e-05
1679,6.790469748401457e-08,6.11934280771363e-05,6.11934280771363e-05,6.11934280771363e-05
1680,6.790469748401457e-08,5.82679858780466e-05,5.82679858780466e-05,5.82679858780466e-05
1681,6.790469748401457e-08,5.78657106546286e-05,5.78657106546286e-05,5.78657106546286e-05
1682,3.35861979497817e-08,5.825129379185715e-05,5.825129379185715e-05,5.825129379185715e-05
1683,3.35861979497817e-08,5.9685265504023323e-05,5.9685265504023323e-05,5.9685265504023323e-05
1684,0.0,6.254604990577459e-05,6.254604990577459e-05,6.254604990577459e-05
1685,0.0,6.425233108789794e-05,6.425233108789794e-05,6.425233108789794e-05
1686,0.0,6.456937158613332e-05,6.456937158613332e-05,6.456937158613332e-05
1687,0.0,6.968609107259129e-05,6.968609107259129e-05,6.968609107259129e-05
1688,0.0,6.934783440166419e-05,6.934783440166419e-05,6.934783440166419e-05
1689,0.0,7.614348526528505e-05,7.614348526528505e-05,7.614348526528505e-05
1690,2.0770290884034433e-08,7.46927185641003e-05,7.46927185641003e-05,7.46927185641003e-05
1691,4.523634394055469e-08,7.524249407911807e-05,7.524249407911807e-05,7.524249407911807e-05
1692,4.523634394055469e-08,7.745740575566222e-05,7.745740575566222e-05,7.745740575566222e-05
1693,1.3928992765548693e-07,7.834509233362041e-05,7.834509233362041e-05,7.834509233362041e-05
1694,1.3928992765548693e-07,7.63572872009328e-05,7.63572872009328e-05,7.63572872009328e-05
1695,1.5479673111583126e-07,7.749190990580246e-05,7.749190990580246e-05,7.749190990580246e-05
1696,1.7054267686944513e-07,7.334186479316227e-05,7.334186479316227e-05,7.334186479316227e-05
1697,1.571194608069553e-07,7.460428813439128e-05,7.460428813439128e-05,7.460428813439128e-05
1698,1.5339594889545489e-07,7.446045908311914e-05,7.446045908311914e-05,7.446045908311914e-05
1699,1.5339594889545489e-07,7.41763973824813e-05,7.41763973824813e-05,7.41763973824813e-05
1700,5.934236518052265e-08,7.530682549778638e-05,7.530682549778638e-05,7.530682549778638e-05
1701,5.934236518052265e-08,7.789705705363303e-05,7.789705705363303e-05,7.789705705363303e-05
1702,5.582072150543484e-08,8.096171742571252e-05,8.096171742571252e-05,8.096171742571252e-05
1703,4.0074775751820976e-08,8.293187836118574e-05,8.293187836118574e-05,8.293187836118574e-05
1704,3.272770093027637e-08,8.616034236703334e-05,8.616034236703334e-05,8.616034236703334e-05
1705,1.1985159785256525e-08,8.50744399940595e-05,8.50744399940595e-05,8.50744399940595e-05
1706,1.1985159785256525e-08,8.476204987216209e-05,8.476204987216209e-05,8.476204987216209e-05
1707,4.8442518821697634e-08,8.666680410637387e-05,8.666680410637387e-05,8.666680410637387e-05
1708,6.773425350762149e-08,9.091324422375433e-05,9.091324422375433e-05,9.091324422375433e-05
1709,5.574909372236496e-08,0.00010092399004081796,0.00010092399004081796,0.00010092399004081796
1710,7.296411703399436e-08,0.00010034136149832713,0.00010034136149832713,0.00010034136149832713
1711,9.234877446877882e-08,0.00010146052019471037,0.00010146052019471037,0.00010146052019471037
1712,9.234877446877882e-08,0.00011090849979414738,0.00011090849979414738,0.00011090849979414738
1713,9.234877446877882e-08,0.00011664714319132534,0.00011664714319132534,0.00011664714319132534
1714,5.589141543233771e-08,0.00012797635489343001,0.00012797635489343001,0.00012797635489343001
1715,3.659968074641386e-08,0.0001271122112354663,0.0001271122112354663,0.0001271122112354663
1716,3.659968074641386e-08,0.00011965535980250155,0.00011965535980250155,0.00011965535980250155
1717,1.9384657434784458e-08,0.00011801657300176365,0.00011801657300176365,0.00011801657300176365
1718,3.0967025769054346e-08,0.00011570066583642204,0.00011570066583642204,0.00011570066583642204
1719,3.0967025769054346e-08,0.00011216716770182497,0.00011216716770182497,0.00011216716770182497
1720,3.0967025769054346e-08,0.00012000344369360911,0.00012000344369360911,0.00012000344369360911
1721,3.0967025769054346e-08,0.00010520170638171424,0.00010520170638171424,0.00010520170638171424
1722,3.0967025769054346e-08,0.00010101224428841047,0.00010101224428841047,0.00010101224428841047
1723,3.0967025769054346e-08,0.00010068346559169836,0.00010068346559169836,0.00010068346559169836
1724,4.270886526975508e-08,0.00010327550366387836,0.00010327550366387836,0.00010327550366387836
1725,2.644774558088362e-08,0.00010494297644722142,0.00010494297644722142,0.00010494297644722142
1726,3.9222741626027917e-08,0.00010181933092618627,0.00010181933092618627,0.00010181933092618627
1727,3.9222741626027917e-08,9.114735751479332e-05,9.114735751479332e-05,9.114735751479332e-05
1728,5.218186162535078e-08,9.24212799873203e-05,9.24212799873203e-05,9.24212799873203e-05
1729,7.129779179747078e-08,9.235355121615742e-05,9.235355121615742e-05,9.235355121615742e-05
1730,7.129779179747078e-08,9.11539006795335e-05,9.11539006795335e-05,9.11539006795335e-05
1731,6.652269186296117e-08,9.644907342070448e-05,9.644907342070448e-05,9.644907342070448e-05
1732,5.181678578277829e-08,9.992907559665452e-05,9.992907559665452e-05,9.992907559665452e-05
1733,4.6066559329054664e-08,9.955469535530678e-05,9.955469535530678e-05,9.955469535530678e-05
1734,5.6390022556180545e-08,9.85612309055536e-05,9.85612309055536e-05,9.85612309055536e-05
1735,4.343090255685768e-08,9.947682597807475e-05,9.947682597807475e-05,9.947682597807475e-05
1736,2.431497238473769e-08,0.00010292913274107767,0.00010292913274107767,0.00010292913274107767
1737,2.431497238473769e-08,0.00010190328092513872,0.00010190328092513872,0.00010190328092513872
1738,2.2840049090128948e-08,9.420996710624812e-05,9.420996710624812e-05,9.420996710624812e-05
1739,2.2840049090128948e-08,9.271985306570838e-05,9.271985306570838e-05,9.271985306570838e-05
1740,2.330255810534254e-08,9.584078777282099e-05,9.584078777282099e-05,9.584078777282099e-05
1741,1.2979094878216659e-08,9.573977357441825e-05,9.573977357441825e-05,9.573977357441825e-05
1742,1.93564671592737e-08,9.934547415468842e-05,9.934547415468842e-05,9.934547415468842e-05
1743,3.861925433414269e-08,9.668437373225711e-05,9.668437373225711e-05,9.668437373225711e-05
1744,4.3083314693603825e-08,9.948912234644272e-05,9.948912234644272e-05,9.948912234644272e-05
1745,3.759149842202143e-08,0.00010399271559435874,0.00010399271559435874,0.00010399271559435874
1746,3.759149842202143e-08,0.00010197640429916126,0.00010197640429916126,0.00010197640429916126
1747,3.42633715685484e-08,9.533256005462525e-05,9.533256005462525e-05,9.533256005462525e-05
1748,3.790310338607534e-08,9.30311278872458e-05,9.30311278872458e-05,9.30311278872458e-05
1749,3.6481011481522985e-08,8.739830082049593e-05,8.739830082049593e-05,8.739830082049593e-05
1750,2.3815687200112734e-08,8.93748614804021e-05,8.93748614804021e-05,8.93748614804021e-05
1751,2.292076547608498e-08,8.508813022802184e-05,8.508813022802184e-05,8.508813022802184e-05
1752,3.071794577432943e-08,8.040238961776984e-05,8.040238961776984e-05,8.040238961776984e-05
1753,3.071794577432943e-08,8.254022187819439e-05,8.254022187819439e-05,8.254022187819439e-05
1754,3.07428627317157e-08,8.645583771535062e-05,8.645583771535062e-05,8.645583771535062e-05
1755,2.7103130914188763e-08,8.719296082355348e-05,8.719296082355348e-05,8.719296082355348e-05
1756,2.518332107927433e-08,9.041846767234216e-05,9.041846767234216e-05,9.041846767234216e-05
1757,2.1630981450471154e-08,8.768866350042767e-05,8.768866350042767e-05,8.768866350042767e-05
1758,1.806184281503777e-08,8.720079806932648e-05,8.720079806932648e-05,8.720079806932648e-05
1759,1.0264662516793318e-08,8.485422897917618e-05,8.485422897917618e-05,8.485422897917618e-05
1760,1.0264662516793318e-08,7.897712099033274e-05,7.897712099033274e-05,7.897712099033274e-05
1761,1.1631728723062094e-08,7.566175502558638e-05,7.566175502558638e-05,7.566175502558638e-05
1762,1.1631728723062094e-08,7.321999042427965e-05,7.321999042427965e-05,7.321999042427965e-05
1763,1.7112281369691118e-08,6.991504674910434e-05,6.991504674910434e-05,6.991504674910434e-05
1764,2.24991971720101e-08,6.81830705226665e-05,6.81830705226665e-05,6.81830705226665e-05
1765,3.1341422409728436e-08,6.797540429813256e-05,6.797540429813256e-05,6.797540429813256e-05
1766,3.814352668639133e-08,7.008293739220659e-05,7.008293739220659e-05,7.008293739220659e-05
1767,4.108802897917485e-08,7.08165524494169e-05,7.08165524494169e-05,7.08165524494169e-05
1768,3.821910660966361e-08,7.206921665264028e-05,7.206921665264028e-05,7.206921665264028e-05
1769,4.43116258606681e-08,7.433768249549238e-05,7.433768249549238e-05,7.433768249549238e-05
1770,4.4444367424440704e-08,7.449010029501681e-05,7.449010029501681e-05,7.449010029501681e-05
1771,4.127761599193036e-08,7.686420680589176e-05,7.686420680589176e-05,7.686420680589176e-05
1772,3.5071472583224154e-08,7.89416818796391e-05,7.89416818796391e-05,7.89416818796391e-05
1773,3.086455916242617e-08,8.008721800121878e-05,8.008721800121878e-05,8.008721800121878e-05
1774,3.5937446542431776e-08,8.025023583156456e-05,8.025023583156456e-05,8.025023583156456e-05
1775,3.903261231690587e-08,7.841401384212077e-05,7.841401384212077e-05,7.841401384212077e-05
1776,4.107720157670818e-08,7.83312986771177e-05,7.83312986771177e-05,7.83312986771177e-05
1777,3.8264537443361794e-08,7.912212874673839e-05,7.912212874673839e-05,7.912212874673839e-05
1778,5.524839937923584e-08,7.903707903876369e-05,7.903707903876369e-05,7.903707903876369e-05
1779,6.285906043298642e-08,7.702342762578545e-05,7.702342762578545e-05,7.702342762578545e-05
1780,6.261300988796847e-08,7.307923910307832e-05,7.307923910307832e-05,7.307923910307832e-05
1781,5.6508137090206997e-08,7.340767479036003e-05,7.340767479036003e-05,7.340767479036003e-05
1782,5.504702573132038e-08,7.543896520344009e-05,7.543896520344009e-05,7.543896520344009e-05
1783,5.560831338259829e-08,7.517672306026466e-05,7.517672306026466e-05,7.517672306026466e-05
1784,5.975904520434077e-08,7.731443786594485e-05,7.731443786594485e-05,7.731443786594485e-05
1785,4.236426270105247e-08,7.463656532179032e-05,7.463656532179032e-05,7.463656532179032e-05
1786,4.685860182413697e-08,7.371472851705871e-05,7.371472851705871e-05,7.371472851705871e-05
1787,4.966602798869449e-08,7.49019454815425e-05,7.49019454815425e-05,7.49019454815425e-05
1788,5.559282355095872e-08,7.259901446689452e-05,7.259901446689452e-05,7.259901446689452e-05
1789,5.942025030744194e-08,7.030928723647126e-05,7.030928723647126e-05,7.030928723647126e-05
1790,5.845579309493587e-08,6.953811160721151e-05,6.953811160721151e-05,6.953811160721151e-05
1791,5.607072444442045e-08,6.55070211256056e-05,6.55070211256056e-05,6.55070211256056e-05
1792,5.774592943501895e-08,6.53629020754514e-05,6.53629020754514e-05,6.53629020754514e-05
1793,4.596291372901565e-08,6.742616928282327e-05,6.742616928282327e-05,6.742616928282327e-05
1794,5.078620317939502e-08,6.571807119014141e-05,6.571807119014141e-05,6.571807119014141e-05
1795,5.025306773883845e-08,6.655833099752531e-05,6.655833099752531e-05,6.655833099752531e-05
1796,4.874650549879789e-08,6.59112811263185e-05,6.59112811263185e-05,6.59112811263185e-05
1797,4.55479557562707e-08,6.352721123091345e-05,6.352721123091345e-05,6.352721123091345e-05
1798,4.489007235771883e-08,6.192799732421658e-05,6.192799732421658e-05,6.192799732421658e-05
1799,4.3166657042499016e-08,6.031275864058573e-05,6.031275864058573e-05,6.031275864058573e-05
1800,4.391356586300585e-08,5.651870950324727e-05,5.651870950324727e-05,5.651870950324727e-05
1801,3.950579571413268e-08,5.51058941969781e-05,5.51058941969781e-05,5.51058941969781e-05
1802,3.827739369910432e-08,5.235713459634488e-05,5.235713459634488e-05,5.235713459634488e-05
1803,3.8660261531780245e-08,5.1458853184677924e-05,5.1458853184677924e-05,5.1458853184677924e-05
1804,4.1141655923330034e-08,5.101976369457718e-05,5.101976369457718e-05,5.101976369457718e-05
1805,3.835261555959083e-08,4.929371061734855e-05,4.929371061734855e-05,4.929371061734855e-05
1806,3.6131959900233464e-08,4.814922535193286e-05,4.814922535193286e-05,4.814922535193286e-05
1807,3.661140926932863e-08,4.6239882067311555e-05,4.6239882067311555e-05,4.6239882067311555e-05
1808,3.386368163660336e-08,4.622670322922724e-05,4.622670322922724e-05,4.622670322922724e-05
1809,2.9776079633693697e-08,4.5374911029024846e-05,4.5374911029024846e-05,4.5374911029024846e-05
1810,2.798658384404819e-08,4.5174090960894576e-05,4.5174090960894576e-05,4.5174090960894576e-05
1811,2.6126246943647402e-08,4.463460988647837e-05,4.463460988647837e-05,4.463460988647837e-05
1812,2.5313322612622154e-08,4.475546873956253e-05,4.475546873956253e-05,4.475546873956253e-05
1813,2.77712858423992e-08,4.4576332064545045e-05,4.4576332064545045e-05,4.4576332064545045e-05
1814,2.881081468635622e-08,4.471197826205753e-05,4.471197826205753e-05,4.471197826205753e-05
1815,3.100811480598915e-08,4.373931837367958e-05,4.373931837367958e-05,4.373931837367958e-05
1816,3.7956059882406275e-08,4.4796319603587366e-05,4.4796319603587366e-05,4.4796319603587366e-05
1817,3.855137390270816e-08,4.3778266574788305e-05,4.3778266574788305e-05,4.3778266574788305e-05
1818,3.8228868705557165e-08,4.3333776765004064e-05,4.3333776765004064e-05,4.3333776765004064e-05
1819,3.93958760217369e-08,4.309238543750585e-05,4.309238543750585e-05,4.309238543750585e-05
1820,3.8774319628081296e-08,4.3006428833385666e-05,4.3006428833385666e-05,4.3006428833385666e-05
1821,3.894964503306905e-08,4.2227225224321175e-05,4.2227225224321175e-05,4.2227225224321175e-05
1822,3.792059161915924e-08,4.237115613899992e-05,4.237115613899992e-05,4.237115613899992e-05
1823,3.600561195225639e-08,4.0888204239308834e-05,4.0888204239308834e-05,4.0888204239308834e-05
1824,3.4471634943348106e-08,4.0210814144562134e-05,4.0210814144562134e-05,4.0210814144562134e-05
1825,3.4322515369516234e-08,3.911735828816225e-05,3.911735828816225e-05,3.911735828816225e-05
1826,3.325004145031991e-08,3.858451600535773e-05,3.858451600535773e-05,3.858451600535773e-05
1827,3.290638720240427e-08,3.758992118361805e-05,3.758992118361805e-05,3.758992118361805e-05
1828,3.412686717345943e-08,3.804826493641096e-05,3.804826493641096e-05,3.804826493641096e-05
1829,3.9199644673106245e-08,3.7137123789372186e-05,3.7137123789372186e-05,3.7137123789372186e-05
1830,3.570277432426597e-08,3.634033003306415e-05,3.634033003306415e-05,3.634033003306415e-05
1831,3.568408806537653e-08,3.649273328067336e-05,3.649273328067336e-05,3.649273328067336e-05
1832,5.645895433709873e-08,3.7080891031239715e-05,3.7080891031239715e-05,3.7080891031239715e-05
1833,5.6074201028520424e-08,3.7113285153671836e-05,3.7113285153671836e-05,3.7113285153671836e-05
1834,5.5899776490215506e-08,3.7815851101186126e-05,3.7815851101186126e-05,3.7815851101186126e-05
1835,5.413945507776978e-08,3.7338097172323614e-05,3.7338097172323614e-05,3.7338097172323614e-05
1836,4.905231522554589e-08,3.7400419906979164e-05,3.7400419906979164e-05,3.7400419906979164e-05
1837,4.862370366660278e-08,3.741455865175729e-05,3.741455865175729e-05,3.741455865175729e-05
1838,4.908274574079639e-08,3.712424534439508e-05,3.712424534439508e-05,3.712424534439508e-05
1839,2.930666553879746e-08,3.670426511754548e-05,3.670426511754548e-05,3.670426511754548e-05
1840,3.52496997939917e-08,3.672827941565109e-05,3.672827941565109e-05,3.672827941565109e-05
1841,3.624430355841923e-08,3.5841253910413275e-05,3.5841253910413275e-05,3.5841253910413275e-05
1842,3.710151754075598e-08,3.654333132934491e-05,3.654333132934491e-05,3.654333132934491e-05
1843,3.7910215665095034e-08,3.7206774972478994e-05,3.7206774972478994e-05,3.7206774972478994e-05
1844,3.821848488476982e-08,3.794592963198998e-05,3.794592963198998e-05,3.794592963198998e-05
1845,3.655627166056417e-08,3.832988815182554e-05,3.832988815182554e-05,3.832988815182554e-05
1846,3.4851114248470235e-08,3.8601167034357786e-05,3.8601167034357786e-05,3.8601167034357786e-05
1847,3.137148141263424e-08,3.879187975793944e-05,3.879187975793944e-05,3.879187975793944e-05
1848,3.598870382656319e-08,3.9664113761058874e-05,3.9664113761058874e-05,3.9664113761058874e-05
1849,3.935403419015009e-08,3.9293548200345996e-05,3.9293548200345996e-05,3.9293548200345996e-05
1850,3.926661459477795e-08,3.930002692089017e-05,3.930002692089017e-05,3.930002692089017e-05
1851,4.263926354854318e-08,3.9800272913583156e-05,3.9800272913583156e-05,3.9800272913583156e-05
1852,4.679958515956579e-08,4.06689993854213e-05,4.06689993854213e-05,4.06689993854213e-05
1853,4.7695327814218606e-08,4.149638334638439e-05,4.149638334638439e-05,4.149638334638439e-05
1854,4.8240453663441126e-08,4.291130556209412e-05,4.291130556209412e-05,4.291130556209412e-05
1855,4.392247124737228e-08,4.373657066025771e-05,4.373657066025771e-05,4.373657066025771e-05
1856,4.537663654348632e-08,4.444239051995932e-05,4.444239051995932e-05,4.444239051995932e-05
1857,4.679016234782856e-08,4.5899303846194274e-05,4.5899303846194274e-05,4.5899303846194274e-05
1858,4.60023531648598e-08,4.6464767365250736e-05,4.6464767365250736e-05,4.6464767365250736e-05
1859,4.529149322252124e-08,4.631572768890432e-05,4.631572768890432e-05,4.631572768890432e-05
1860,4.804170115692484e-08,4.7784290862702096e-05,4.7784290862702096e-05,4.7784290862702096e-05
1861,4.774311942615636e-08,4.7729509658113655e-05,4.7729509658113655e-05,4.7729509658113655e-05
1862,4.8395865093198154e-08,4.8122703966717904e-05,4.8122703966717904e-05,4.8122703966717904e-05
1863,4.320636090174698e-08,4.877440161570641e-05,4.877440161570641e-05,4.877440161570641e-05
1864,4.3027299564560706e-08,4.9100671146464136e-05,4.9100671146464136e-05,4.9100671146464136e-05
1865,4.283021226569872e-08,4.981247600101467e-05,4.981247600101467e-05,4.981247600101467e-05
1866,4.51586912626161e-08,5.062469790573232e-05,5.062469790573232e-05,5.062469790573232e-05
1867,4.5053257886300864e-08,5.014958930717382e-05,5.014958930717382e-05,5.014958930717382e-05
1868,4.4355338449772064e-08,5.0478770780110995e-05,5.0478770780110995e-05,5.0478770780110995e-05
1869,4.432404513262814e-08,5.078820062668196e-05,5.078820062668196e-05,5.078820062668196e-05
1870,4.6284310225733604e-08,5.104928797144177e-05,5.104928797144177e-05,5.104928797144177e-05
1871,4.704537508765887e-08,5.087649385261882e-05,5.087649385261882e-05,5.087649385261882e-05
1872,4.8623004797069113e-08,5.086774607272153e-05,5.086774607272153e-05,5.086774607272153e-05
1873,4.644557754269434e-08,5.141539492927093e-05,5.141539492927093e-05,5.141539492927093e-05
1874,4.8543862517038047e-08,5.2432827942539006e-05,5.2432827942539006e-05,5.2432827942539006e-05
1875,5.198452715912286e-08,5.385541122190521e-05,5.385541122190521e-05,5.385541122190521e-05
1876,5.4790098553374785e-08,5.5079233529145964e-05,5.5079233529145964e-05,5.5079233529145964e-05
1877,5.559197851263369e-08,5.589583036323477e-05,5.589583036323477e-05,5.589583036323477e-05
1878,6.076224069926996e-08,5.651862115233338e-05,5.651862115233338e-05,5.651862115233338e-05
1879,6.114179943291934e-08,5.685405111372737e-05,5.685405111372737e-05,5.685405111372737e-05
1880,6.450174134491655e-08,5.7241214692891974e-05,5.7241214692891974e-05,5.7241214692891974e-05
1881,6.268119077747412e-08,5.798588868596458e-05,5.798588868596458e-05,5.798588868596458e-05
1882,6.221437993352602e-08,5.7553420317292747e-05,5.7553420317292747e-05,5.7553420317292747e-05
1883,6.162034032237379e-08,5.819929668047864e-05,5.819929668047864e-05,5.819929668047864e-05
1884,6.028497371143463e-08,5.913528054536853e-05,5.913528054536853e-05,5.913528054536853e-05
1885,5.715566737356832e-08,5.981754241344918e-05,5.981754241344918e-05,5.981754241344918e-05
1886,5.861939809749726e-08,6.0427543628195834e-05,6.0427543628195834e-05,6.0427543628195834e-05
1887,5.812267898720945e-08,6.084392277573768e-05,6.084392277573768e-05,6.084392277573768e-05
1888,6.212621883605607e-08,6.0153654236013866e-05,6.0153654236013866e-05,6.0153654236013866e-05
1889,6.32484566308124e-08,6.016721766042922e-05,6.016721766042922e-05,6.016721766042922e-05
1890,6.483016181034276e-08,5.990174083438303e-05,5.990174083438303e-05,5.990174083438303e-05
1891,6.601991182313733e-08,5.940664569996963e-05,5.940664569996963e-05,5.940664569996963e-05
1892,6.633995346711735e-08,5.9665649522295485e-05,5.9665649522295485e-05,5.9665649522295485e-05
1893,6.54967437745719e-08,6.044361777769934e-05,6.044361777769934e-05,6.044361777769934e-05
1894,6.563922078888546e-08,6.065479673062717e-05,6.065479673062717e-05,6.065479673062717e-05
1895,6.44669247508643e-08,6.057516968992006e-05,6.057516968992006e-05,6.057516968992006e-05
1896,6.526865042084345e-08,6.038728679413907e-05,6.038728679413907e-05,6.038728679413907e-05
1897,6.700668566038206e-08,5.9746173064922914e-05,5.9746173064922914e-05,5.9746173064922914e-05
1898,7.17423849851327e-08,5.9835770246406484e-05,5.9835770246406484e-05,5.9835770246406484e-05
1899,7.481679885147838e-08,5.947753847327216e-05,5.947753847327216e-05,5.947753847327216e-05
1900,8.010678799662076e-08,5.915111510798202e-05,5.915111510798202e-05,5.915111510798202e-05
1901,8.10724744480597e-08,5.945383860047774e-05,5.945383860047774e-05,5.945383860047774e-05
1902,8.210131089266984e-08,6.017848603992856e-05,6.017848603992856e-05,6.017848603992856e-05
1903,8.281899864316853e-08,6.114930095334006e-05,6.114930095334006e-05,6.114930095334006e-05
1904,8.362841949097596e-08,6.160392877063714e-05,6.160392877063714e-05,6.160392877063714e-05
1905,8.536832751815382e-08,6.168701241092225e-05,6.168701241092225e-05,6.168701241092225e-05
1906,8.378805611235813e-08,6.189635366484123e-05,6.189635366484123e-05,6.189635366484123e-05
1907,8.455710087673651e-08,6.155310984468088e-05,6.155310984468088e-05,6.155310984468088e-05
1908,8.692600061976918e-08,6.099892457963766e-05,6.099892457963766e-05,6.099892457963766e-05
1909,9.195802062679701e-08,6.027952570418295e-05,6.027952570418295e-05,6.027952570418295e-05
1910,9.397831998317738e-08,5.980395508231595e-05,5.980395508231595e-05,5.980395508231595e-05
1911,9.445455211627112e-08,5.9842592496092296e-05,5.9842592496092296e-05,5.9842592496092296e-05
1912,9.450195140711262e-08,6.054248037149331e-05,6.054248037149331e-05,6.054248037149331e-05
1913,9.76777637820955e-08,6.107535955379717e-05,6.107535955379717e-05,6.107535955379717e-05
1914,9.641679911607883e-08,6.192967807042546e-05,6.192967807042546e-05,6.192967807042546e-05
1915,9.901002633634042e-08,6.282294894585252e-05,6.282294894585252e-05,6.282294894585252e-05
1916,9.58528484521334e-08,6.357108161734817e-05,6.357108161734817e-05,6.357108161734817e-05
1917,9.730061074313718e-08,6.419948684716863e-05,6.419948684716863e-05,6.419948684716863e-05
1918,1.0015207761528342e-07,6.467471809758405e-05,6.467471809758405e-05,6.467471809758405e-05
1919,9.953070900792227e-08,6.493934051832184e-05,6.493934051832184e-05,6.493934051832184e-05
1920,1.0032894185282462e-07,6.559466627160353e-05,6.559466627160353e-05,6.559466627160353e-05
1921,9.98940430057311e-08,6.593947806062975e-05,6.593947806062975e-05,6.593947806062975e-05
1922,1.0216199188205013e-07,6.607673588275378e-05,6.607673588275378e-05,6.607673588275378e-05
1923,1.0274859769359474e-07,6.617881652865825e-05,6.617881652865825e-05,6.617881652865825e-05
1924,1.0359612900856519e-07,6.705447802752522e-05,6.705447802752522e-05,6.705447802752522e-05
1925,1.0529347755599311e-07,6.74901987492506e-05,6.74901987492506e-05,6.74901987492506e-05
1926,1.1240317933568025e-07,6.760581995227508e-05,6.760581995227508e-05,6.760581995227508e-05
1927,1.221862697369553e-07,6.763290002709255e-05,6.763290002709255e-05,6.763290002709255e-05
1928,1.2872572747418027e-07,6.80446797299997e-05,6.80446797299997e-05,6.80446797299997e-05
1929,1.319926953767338e-07,6.954488032663773e-05,6.954488032663773e-05,6.954488032663773e-05
1930,1.4096329335546086e-07,6.956403480476833e-05,6.956403480476833e-05,6.956403480476833e-05
1931,1.5146695935592496e-07,7.024086620991252e-05,7.024086620991252e-05,7.024086620991252e-05
1932,1.5655403119905843e-07,7.029384245730139e-05,7.029384245730139e-05,7.029384245730139e-05
1933,1.5921002167423077e-07,7.119768685827564e-05,7.119768685827564e-05,7.119768685827564e-05
1934,1.579996709974044e-07,7.07357217574359e-05,7.07357217574359e-05,7.07357217574359e-05
1935,1.6457022817511252e-07,7.050856220303103e-05,7.050856220303103e-05,7.050856220303103e-05
1936,1.6918434247210306e-07,7.000081989515041e-05,7.000081989515041e-05,7.000081989515041e-05
1937,1.71275906219697e-07,7.192430140483859e-05,7.192430140483859e-05,7.192430140483859e-05
1938,1.7335927436436448e-07,7.221646124630102e-05,7.221646124630102e-05,7.221646124630102e-05
1939,1.7461219061130707e-07,7.43326943068366e-05,7.43326943068366e-05,7.43326943068366e-05
1940,1.754079091499859e-07,7.693679279847336e-05,7.693679279847336e-05,7.693679279847336e-05
1941,1.777935320238352e-07,7.956845677524273e-05,7.956845677524273e-05,7.956845677524273e-05
1942,1.7862547606130518e-07,8.128838505529399e-05,8.128838505529399e-05,8.128838505529399e-05
1943,1.835935969601061e-07,8.194394883633192e-05,8.194394883633192e-05,8.194394883633192e-05
1944,1.8529556809556068e-07,8.124858348829938e-05,8.124858348829938e-05,8.124858348829938e-05
1945,1.9433285355522196e-07,8.210026966740511e-05,8.210026966740511e-05,8.210026966740511e-05
1946,2.1456118710310485e-07,8.095380430209584e-05,8.095380430209584e-05,8.095380430209584e-05
1947,2.3248771136812657e-07,7.88838993425348e-05,7.88838993425348e-05,7.88838993425348e-05
1948,2.7523411461061187e-07,7.840051486190143e-05,7.840051486190143e-05,7.840051486190143e-05
1949,3.1704141179034195e-07,7.813474699755066e-05,7.813474699755066e-05,7.813474699755066e-05
1950,3.52189713583227e-07,7.882845446666969e-05,7.882845446666969e-05,7.882845446666969e-05
1951,3.887234965662044e-07,7.998193905223161e-05,7.998193905223161e-05,7.998193905223161e-05
1952,4.519483768815137e-07,8.020453242352232e-05,8.020453242352232e-05,8.020453242352232e-05
1953,4.921639872788676e-07,8.220025067982663e-05,8.220025067982663e-05,8.220025067982663e-05
1954,5.416101487298874e-07,8.317585161421448e-05,8.317585161421448e-05,8.317585161421448e-05
1955,5.804646800048172e-07,8.417285529763571e-05,8.417285529763571e-05,8.417285529763571e-05
1956,6.126137991811577e-07,8.589948785291719e-05,8.589948785291719e-05,8.589948785291719e-05
1957,6.643179476993412e-07,8.743224628103365e-05,8.743224628103365e-05,8.743224628103365e-05
1958,7.18229825581927e-07,8.918742761514815e-05,8.918742761514815e-05,8.918742761514815e-05
1959,7.530321438155494e-07,9.045754268299788e-05,9.045754268299788e-05,9.045754268299788e-05
1960,8.233496535987277e-07,9.11822436527083e-05,9.11822436527083e-05,9.11822436527083e-05
1961,9.085558271440927e-07,9.281791426474229e-05,9.281791426474229e-05,9.281791426474229e-05
1962,9.819311636809808e-07,9.405777486140973e-05,9.405777486140973e-05,9.405777486140973e-05
1963,1.0826139243493214e-06,9.531783039814659e-05,9.531783039814659e-05,9.531783039814659e-05
1964,1.1934164295520792e-06,9.624400991015136e-05,9.624400991015136e-05,9.624400991015136e-05
1965,1.2974615434099438e-06,9.708057872817985e-05,9.708057872817985e-05,9.708057872817985e-05
1966,1.3798369959009245e-06,9.81000516081362e-05,9.81000516081362e-05,9.81000516081362e-05
1967,1.4559634239828613e-06,9.944140037987381e-05,9.944140037987381e-05,9.944140037987381e-05
1968,1.489363203940489e-06,0.00010057415576219293,0.00010057415576219293,0.00010057415576219293
1969,1.5338291794770548e-06,0.00010225209968796532,0.00010225209968796532,0.00010225209968796532
1970,1.5666856825191644e-06,0.0001040292325862018,0.0001040292325862018,0.0001040292325862018
1971,1.6056640106398845e-06,0.00010594330108558227,0.00010594330108558227,0.00010594330108558227
1972,1.6465541940695921e-06,0.00010839491317580854,0.00010839491317580854,0.00010839491317580854
1973,1.6834779411770536e-06,0.00011043622881905841,0.00011043622881905841,0.00011043622881905841
1974,1.7439392162746766e-06,0.00011309747683948704,0.00011309747683948704,0.00011309747683948704
1975,1.808973528178675e-06,0.00011597067662348439,0.00011597067662348439,0.00011597067662348439
1976,1.8605179872923015e-06,0.00011906028729364542,0.00011906028729364542,0.00011906028729364542
1977,1.8920842096901782e-06,0.0001207417922809587,0.0001207417922809587,0.0001207417922809587
1978,1.90567612077887e-06,0.00012367487943265587,0.00012367487943265587,0.00012367487943265587
1979,1.93456329660486e-06,0.00012632186449731568,0.00012632186449731568,0.00012632186449731568
1980,1.9685584870135893e-06,0.000129469736878361,0.000129469736878361,0.000129469736878361
1981,1.986409009597472e-06,0.00013125545436715974,0.00013125545436715974,0.00013125545436715974
1982,2.0175759638212706e-06,0.00013410237858936722,0.00013410237858936722,0.00013410237858936722
1983,2.0429438174167965e-06,0.00013632076193711588,0.00013632076193711588,0.00013632076193711588
1984,2.056652907153226e-06,0.00014045388836945807,0.00014045388836945807,0.00014045388836945807
1985,2.050196274337525e-06,0.00014433979439283057,0.00014433979439283057,0.00014433979439283057
1986,2.040445029446606e-06,0.0001464888794414167,0.0001464888794414167,0.0001464888794414167
1987,2.014933897953597e-06,0.00014889797603245825,0.00014889797603245825,0.00014889797603245825
1988,1.943242783194624e-06,0.00015082639791736647,0.00015082639791736647,0.00015082639791736647
1989,1.8834994729591666e-06,0.00015105016271783306,0.00015105016271783306,0.00015105016271783306
1990,1.8336805526684787e-06,0.00015269624626463546,0.00015269624626463546,0.00015269624626463546
1991,1.8181402603139368e-06,0.00015230168771397854,0.00015230168771397854,0.00015230168771397854
1992,1.7956439738294909e-06,0.00015052188246045262,0.00015052188246045262,0.00015052188246045262
1993,1.7460628051984323e-06,0.00014951716002542526,0.00014951716002542526,0.00014951716002542526
1994,1.7080757288567838e-06,0.00014672244391736707,0.00014672244391736707,0.00014672244391736707
1995,1.6806551944422869e-06,0.00014327727175051614,0.00014327727175051614,0.00014327727175051614
1996,1.6448224674344862e-06,0.00014078496730819876,0.00014078496730819876,0.00014078496730819876
1997,1.5930265979997266e-06,0.00013548289695920954,0.00013548289695920954,0.00013548289695920954
1998,1.4999049946189707e-06,0.0001310303248049292,0.0001310303248049292,0.0001310303248049292
1999,1.4855581217229234e-06,0.00012768601612021615,0.00012768601612021615,0.00012768601612021615
2000,1.4385437907549203e-06,0.0001237252280199235,0.0001237252280199235,0.0001237252280199235
2001,1.3764305484593414e-06,0.00012117047299398109,0.00012117047299398109,0.00012117047299398109
2002,1.3170673745272715e-06,0.0001202287437211323,0.0001202287437211323,0.0001202287437211323
2003,1.2313593872802033e-06,0.00011855828883458994,0.00011855828883458994,0.00011855828883458994
2004,1.1652843048588174e-06,0.00011784897963350107,0.00011784897963350107,0.00011784897963350107
2005,1.1151162685304631e-06,0.00011554512976934867,0.00011554512976934867,0.00011554512976934867
2006,9.823980186800846e-07,0.00011105514568043873,0.00011105514568043873,0.00011105514568043873
2007,8.792824571303624e-07,0.00010873323585006542,0.00010873323585006542,0.00010873323585006542
2008,8.016104564896003e-07,0.00010849717364180833,0.00010849717364180833,0.00010849717364180833
2009,7.603714412393206e-07,0.00011107839860155114,0.00011107839860155114,0.00011107839860155114
2010,7.23137702607346e-07,0.00011028422886738554,0.00011028422886738554,0.00011028422886738554
2011,6.65427486572818e-07,0.00010819116453473856,0.00010819116453473856,0.00010819116453473856
2012,6.150770965567582e-07,0.00010643949333046163,0.00010643949333046163,0.00010643949333046163
2013,5.896649781789165e-07,0.0001079201725328208,0.0001079201725328208,0.0001079201725328208
2014,5.748616769908819e-07,0.00010862504755745508,0.00010862504755745508,0.00010862504755745508
2015,5.487796183193236e-07,0.00010779078833625786,0.00010779078833625786,0.00010779078833625786
2016,4.999880738003932e-07,0.00010492735184795623,0.00010492735184795623,0.00010492735184795623
2017,4.805496634692948e-07,0.00010383865446783602,0.00010383865446783602,0.00010383865446783602
2018,4.696476992194221e-07,0.00010447496897540987,0.00010447496897540987,0.00010447496897540987
2019,4.640920465703857e-07,0.0001078982932085637,0.0001078982932085637,0.0001078982932085637
