ngram,bottom,botom,botom,botom
1500,5.009466167393839e-05,0.0,0.0,0.0
1501,4.007572933915071e-05,0.0,0.0,0.0
1502,3.5856392969435547e-05,0.0,0.0,0.0
1503,3.073405111665904e-05,0.0,0.0,0.0
1504,8.679987461489094e-06,0.0,0.0,0.0
1505,5.580832553927653e-06,0.0,0.0,0.0
1506,5.580832553927653e-06,0.0,0.0,0.0
1507,5.580832553927653e-06,0.0,0.0,0.0
1508,5.580832553927653e-06,0.0,0.0,0.0
1509,3.4723023938048366e-06,0.0,0.0,0.0
1510,3.4723023938048366e-06,0.0,0.0,0.0
1511,3.4723023938048366e-06,0.0,0.0,0.0
1512,0.0,0.0,0.0,0.0
1513,0.0,0.0,0.0,0.0
1514,8.569834660322937e-07,0.0,0.0,0.0
1515,8.569834660322937e-07,0.0,0.0,0.0
1516,8.569834660322937e-07,0.0,0.0,0.0
1517,7.2323048568380595e-06,0.0,0.0,0.0
1518,7.2323048568380595e-06,0.0,0.0,0.0
1519,7.2323048568380595e-06,0.0,0.0,0.0
1520,1.3488443983078469e-05,0.0,0.0,0.0
1521,1.2631460517046175e-05,0.0,0.0,0.0
1522,3.484775931740712e-05,0.0,0.0,0.0
1523,3.484775931740712e-05,0.0,0.0,0.0
1524,3.879582852407891e-05,0.0,0.0,0.0
1525,3.879582852407891e-05,0.0,0.0,0.0
1526,4.1974075949318444e-05,0.0,0.0,0.0
1527,3.571793682307803e-05,0.0,0.0,0.0
1528,6.289397944263848e-05,0.0,0.0,0.0
1529,4.0677680642277535e-05,0.0,0.0,0.0
1530,4.140662914713695e-05,0.0,0.0,0.0
1531,5.980748021881611e-05,0.0,0.0,0.0
1532,7.378589407380787e-05,0.0,0.0,0.0
1533,7.060764664856833e-05,0.0,0.0,0.0
1534,7.060764664856833e-05,0.0,0.0,0.0
1535,4.719669953244322e-05,0.0,0.0,0.0
1536,4.719669953244322e-05,0.0,0.0,0.0
1537,4.646775102758381e-05,0.0,0.0,0.0
1538,2.091994792863261e-05,0.0,0.0,0.0
1539,1.7732978709058705e-05,0.0,0.0,0.0
1540,0.00023320378620285607,0.0,0.0,0.0
1541,0.00023320378620285607,0.0,0.0,0.0
1542,0.00022943869069942075,0.0,0.0,0.0
1543,0.00022943869069942075,0.0,0.0,0.0
1544,0.0002320816843816179,0.0,0.0,0.0
1545,0.00022890524581141238,0.0,0.0,0.0
1546,0.0002183935073714695,0.0,0.0,0.0
1547,2.9226998776721302e-06,0.0,0.0,0.0
1548,1.2731683390094467e-05,0.0,0.0,0.0
1549,1.3944341130159696e-05,0.0,0.0,0.0
1550,1.772676120838566e-05,0.0,0.0,0.0
1551,1.50837675261885e-05,0.0,0.0,0.0
1552,2.013154471569578e-05,0.0,0.0,0.0
1553,1.9851838520220815e-05,0.0,0.0,0.0
1554,1.9851838520220815e-05,0.0,0.0,0.0
1555,1.244679502373661e-05,0.0,0.0,0.0
1556,1.8520271364000758e-05,0.0,0.0,0.0
1557,1.4737851285774792e-05,0.0,0.0,0.0
1558,1.4737851285774792e-05,0.0,0.0,0.0
1559,1.8286190814771025e-05,0.0,0.0,0.0
1560,2.187571278357479e-05,0.0,0.0,0.0
1561,2.187571278357479e-05,0.0,0.0,0.0
1562,2.1249487352698842e-05,0.0,0.0,0.0
1563,1.3963353272369464e-05,0.0,0.0,0.0
1564,1.3963353272369464e-05,0.0,0.0,0.0
1565,1.5986954557385097e-05,0.0,0.0,0.0
1566,2.262020188936731e-05,0.0,0.0,0.0
1567,2.1760269191872794e-05,0.0,0.0,0.0
1568,2.1760269191872794e-05,0.0,0.0,0.0
1569,2.2953375914117453e-05,0.0,0.0,0.0
1570,2.4464388193986713e-05,0.0,0.0,0.0
1571,2.4464388193986713e-05,0.0,0.0,0.0
1572,2.296074769349486e-05,0.0,0.0,0.0
1573,1.2765021048315767e-05,0.0,0.0,0.0
1574,1.0580143322970668e-05,0.0,0.0,0.0
1575,1.0580143322970668e-05,0.0,0.0,0.0
1576,9.412043807190327e-06,0.0,0.0,0.0
1577,1.0452507435080147e-05,0.0,0.0,0.0
1578,1.2138899267353867e-05,0.0,0.0,0.0
1579,1.8733241469297874e-05,0.0,0.0,0.0
1580,1.3699604063991241e-05,0.0,0.0,0.0
1581,1.5528122016153896e-05,0.0,0.0,0.0
1582,1.594710339044728e-05,0.0,0.0,0.0
1583,1.6307183386743418e-05,0.0,0.0,0.0
1584,1.3755707478984342e-05,0.0,0.0,0.0
1585,1.263546992699308e-05,0.0,0.0,0.0
1586,2.277461924547554e-05,0.0,0.0,0.0
1587,2.6927573961594525e-05,0.0,0.0,0.0
1588,2.5223850278572562e-05,0.0,0.0,0.0
1589,2.4991595377546867e-05,0.0,0.0,0.0
1590,2.4128671871689482e-05,0.0,0.0,0.0
1591,2.4395205335687414e-05,0.0,0.0,0.0
1592,2.4426022849054008e-05,0.0,0.0,0.0
1593,8.288954242224073e-06,0.0,0.0,0.0
1594,4.303631109386126e-06,0.0,0.0,0.0
1595,4.535719475435533e-06,0.0,0.0,0.0
1596,4.559411227741553e-06,0.0,0.0,0.0
1597,3.864843376634651e-06,0.0,0.0,0.0
1598,4.615689980320374e-06,0.0,0.0,0.0
1599,4.372451631492627e-06,0.0,0.0,0.0
1600,4.214622728276092e-06,0.0,0.0,0.0
1601,4.632962730153979e-06,0.0,0.0,0.0
1602,6.75898935956606e-06,0.0,0.0,0.0
1603,7.784901462010957e-06,0.0,0.0,0.0
1604,1.1266078575187879e-05,0.0,0.0,0.0
1605,1.1260630507032537e-05,0.0,0.0,0.0
1606,1.3869861114861643e-05,0.0,0.0,0.0
1607,1.2911306319957866e-05,0.0,0.0,0.0
1608,1.3124045121263147e-05,0.0,0.0,0.0
1609,1.0851120220779973e-05,0.0,0.0,0.0
1610,1.1144169028349487e-05,0.0,0.0,0.0
1611,7.5697428850877e-06,0.0,0.0,0.0
1612,6.826811613791506e-06,0.0,0.0,0.0
1613,4.503089485297096e-06,0.0,0.0,0.0
1614,6.1511381902944e-06,0.0,0.0,0.0
1615,6.495257529033032e-06,0.0,0.0,0.0
1616,6.461410683706552e-06,0.0,0.0,0.0
1617,6.4145275311083035e-06,0.0,0.0,0.0
1618,7.773531771298231e-06,0.0,0.0,0.0
1619,9.192548532155342e-06,0.0,0.0,0.0
1620,1.1676212839769765e-05,0.0,0.0,0.0
1621,1.0563418137670461e-05,0.0,0.0,0.0
1622,1.1249646961784623e-05,0.0,0.0,0.0
1623,1.0798212088047876e-05,0.0,0.0,0.0
1624,1.3049020870831945e-05,0.0,0.0,0.0
1625,1.4085219488281706e-05,0.0,0.0,0.0
1626,1.4463798346956277e-05,0.0,0.0,0.0
1627,1.2778834161508712e-05,0.0,0.0,0.0
1628,1.276767316734809e-05,0.0,0.0,0.0
1629,1.2836789567570253e-05,0.0,0.0,0.0
1630,1.3516114384921301e-05,0.0,0.0,0.0
1631,1.0349609445776358e-05,0.0,0.0,0.0
1632,7.625597455834006e-06,0.0,0.0,0.0
1633,6.107372298304524e-06,0.0,0.0,0.0
1634,6.273866347328294e-06,0.0,0.0,0.0
1635,6.490650775958784e-06,0.0,0.0,0.0
1636,5.63460876687064e-06,0.0,0.0,0.0
1637,5.417471064512418e-06,0.0,0.0,0.0
1638,5.322016509775754e-06,0.0,0.0,0.0
1639,5.995336745659838e-06,0.0,0.0,0.0
1640,6.4750460881311615e-06,0.0,0.0,0.0
1641,5.467830858054055e-06,0.0,0.0,0.0
1642,7.533649133100491e-06,0.0,0.0,0.0
1643,7.1237733274236755e-06,0.0,0.0,0.0
1644,7.58377106129566e-06,0.0,0.0,0.0
1645,7.750944600307516e-06,0.0,0.0,0.0
1646,7.700279378955851e-06,0.0,0.0,0.0
1647,8.649064316809277e-06,0.0,0.0,0.0
1648,1.2178274703598748e-05,0.0,0.0,0.0
1649,1.0857906675352882e-05,0.0,0.0,0.0
1650,2.0063759750753108e-05,0.0,0.0,0.0
1651,2.3774169806399315e-05,4.300008121000636e-08,4.300008121000636e-08,4.300008121000636e-08
1652,2.55851925560689e-05,4.300008121000636e-08,4.300008121000636e-08,4.300008121000636e-08
1653,2.7342061782422077e-05,4.300008121000636e-08,4.300008121000636e-08,4.300008121000636e-08
1654,2.9181649421973687e-05,4.300008121000636e-08,4.300008121000636e-08,4.300008121000636e-08
1655,2.9412946397704737e-05,4.300008121000636e-08,4.300008121000636e-08,4.300008121000636e-08
1656,3.069036600728785e-05,8.83074124301077e-08,8.83074124301077e-08,8.83074124301077e-08
1657,2.3299045746430886e-05,1.995251425666668e-07,1.995251425666668e-07,1.995251425666668e-07
1658,2.091697154225715e-05,1.5652506135666044e-07,1.5652506135666044e-07,1.5652506135666044e-07
1659,2.123380779396809e-05,1.8869224658958827e-07,1.8869224658958827e-07,1.8869224658958827e-07
1660,2.243924687458535e-05,1.8869224658958827e-07,1.8869224658958827e-07,1.8869224658958827e-07
1661,2.3057030505567256e-05,1.8869224658958827e-07,1.8869224658958827e-07,1.8869224658958827e-07
1662,2.7793671376587425e-05,2.698919660458289e-07,2.698919660458289e-07,2.698919660458289e-07
1663,3.015413260852386e-05,2.245846348257276e-07,2.245846348257276e-07,2.245846348257276e-07
1664,3.953754042283565e-05,1.1336690468916849e-07,1.1336690468916849e-07,1.1336690468916849e-07
1665,4.521864606691192e-05,1.1336690468916849e-07,1.1336690468916849e-07,1.1336690468916849e-07
1666,5.140070970810484e-05,1.211481170620183e-07,1.211481170620183e-07,1.211481170620183e-07
1667,5.483690828051684e-05,1.211481170620183e-07,1.211481170620183e-07,1.211481170620183e-07
1668,5.635310870794845e-05,1.211481170620183e-07,1.211481170620183e-07,1.211481170620183e-07
1669,5.2111302336145726e-05,3.9948397605777634e-08,3.9948397605777634e-08,3.9948397605777634e-08
1670,5.2707170522938084e-05,3.9948397605777634e-08,3.9948397605777634e-08,3.9948397605777634e-08
1671,4.4748881919076666e-05,3.9948397605777634e-08,3.9948397605777634e-08,3.9948397605777634e-08
1672,4.161556509123849e-05,6.454899903474143e-08,6.454899903474143e-08,6.454899903474143e-08
1673,3.7219811929389834e-05,2.4600601428963794e-08,2.4600601428963794e-08,2.4600601428963794e-08
1674,3.707452145005975e-05,2.4600601428963794e-08,2.4600601428963794e-08,2.4600601428963794e-08
1675,3.6752318140185836e-05,2.4600601428963794e-08,2.4600601428963794e-08,2.4600601428963794e-08
1676,3.602262040658388e-05,2.4600601428963794e-08,2.4600601428963794e-08,2.4600601428963794e-08
1677,3.570992157619912e-05,5.818679937874549e-08,5.818679937874549e-08,5.818679937874549e-08
1678,3.882943123504187e-05,5.818679937874549e-08,5.818679937874549e-08,5.818679937874549e-08
1679,3.805305667421115e-05,3.35861979497817e-08,3.35861979497817e-08,3.35861979497817e-08
1680,4.0668732253834605e-05,6.979005563932463e-08,6.979005563932463e-08,6.979005563932463e-08
1681,3.8107153938783866e-05,6.979005563932463e-08,6.979005563932463e-08,6.979005563932463e-08
1682,3.8950611529539204e-05,8.995108860939841e-08,8.995108860939841e-08,8.995108860939841e-08
1683,4.6699915141549096e-05,8.995108860939841e-08,8.995108860939841e-08,8.995108860939841e-08
1684,4.8802483433973975e-05,5.636489065961671e-08,5.636489065961671e-08,5.636489065961671e-08
1685,4.534708516855192e-05,9.677655400862153e-08,9.677655400862153e-08,9.677655400862153e-08
1686,4.586321795483984e-05,9.677655400862153e-08,9.677655400862153e-08,9.677655400862153e-08
1687,4.240286216372624e-05,6.05726963190786e-08,6.05726963190786e-08,6.05726963190786e-08
1688,4.382244722884414e-05,1.537558530019721e-07,1.537558530019721e-07,1.537558530019721e-07
1689,4.1328723195225135e-05,1.3359482003189832e-07,1.3359482003189832e-07,1.3359482003189832e-07
1690,3.3922167338979694e-05,1.3359482003189832e-07,1.3359482003189832e-07,1.3359482003189832e-07
1691,3.052251798050877e-05,1.3359482003189832e-07,1.3359482003189832e-07,1.3359482003189832e-07
1692,3.250115202847935e-05,9.31831566828935e-08,9.31831566828935e-08,9.31831566828935e-08
1693,3.2270944367545394e-05,9.31831566828935e-08,9.31831566828935e-08,9.31831566828935e-08
1694,3.47812518677009e-05,9.31831566828935e-08,9.31831566828935e-08,9.31831566828935e-08
1695,3.356268280185759e-05,0.0,0.0,0.0
1696,3.92684723919956e-05,0.0,0.0,0.0
1697,4.053357796302797e-05,0.0,0.0,0.0
1698,4.1992653547952485e-05,0.0,0.0,0.0
1699,3.983687072052687e-05,1.3069540370582087e-08,1.3069540370582087e-08,1.3069540370582087e-08
1700,4.131659573301606e-05,1.3069540370582087e-08,1.3069540370582087e-08,1.3069540370582087e-08
1701,4.0414998043810814e-05,1.3069540370582087e-08,1.3069540370582087e-08,1.3069540370582087e-08
1702,3.945580647268798e-05,2.5054700155838613e-08,2.5054700155838613e-08,2.5054700155838613e-08
1703,3.4221657188027166e-05,2.5054700155838613e-08,2.5054700155838613e-08,2.5054700155838613e-08
1704,3.3705322493915446e-05,2.5054700155838613e-08,2.5054700155838613e-08,2.5054700155838613e-08
1705,3.326432046638469e-05,2.5054700155838613e-08,2.5054700155838613e-08,2.5054700155838613e-08
1706,3.389258641358798e-05,1.1985159785256525e-08,1.1985159785256525e-08,1.1985159785256525e-08
1707,3.134764613475584e-05,1.1985159785256525e-08,1.1985159785256525e-08,1.1985159785256525e-08
1708,2.8384519932192882e-05,3.127689447118038e-08,3.127689447118038e-08,3.127689447118038e-08
1709,2.75311540463008e-05,1.9291734685923856e-08,1.9291734685923856e-08,1.9291734685923856e-08
1710,2.661062613437285e-05,1.9291734685923856e-08,1.9291734685923856e-08,1.9291734685923856e-08
1711,2.466255734491694e-05,1.9291734685923856e-08,1.9291734685923856e-08,1.9291734685923856e-08
1712,2.2173997941925855e-05,1.9291734685923856e-08,1.9291734685923856e-08,1.9291734685923856e-08
1713,2.146471888408996e-05,1.9291734685923856e-08,1.9291734685923856e-08,1.9291734685923856e-08
1714,2.0364705830745932e-05,1.9291734685923856e-08,1.9291734685923856e-08,1.9291734685923856e-08
1715,2.1045504711634878e-05,0.0,0.0,0.0
1716,2.0550339416201625e-05,8.854958163543155e-09,8.854958163543155e-09,8.854958163543155e-09
1717,2.0841962395934388e-05,8.854958163543155e-09,8.854958163543155e-09,8.854958163543155e-09
1718,2.1655553220106022e-05,8.854958163543155e-09,8.854958163543155e-09,8.854958163543155e-09
1719,2.2176480342750438e-05,8.854958163543155e-09,8.854958163543155e-09,8.854958163543155e-09
1720,2.2405278286896646e-05,8.854958163543155e-09,8.854958163543155e-09,8.854958163543155e-09
1721,2.2735130447212475e-05,8.854958163543155e-09,8.854958163543155e-09,8.854958163543155e-09
1722,2.8000167990934903e-05,1.6582544861064108e-08,1.6582544861064108e-08,1.6582544861064108e-08
1723,3.02283614083925e-05,7.727586697520955e-09,7.727586697520955e-09,7.727586697520955e-09
1724,3.0487947827038753e-05,7.727586697520955e-09,7.727586697520955e-09,7.727586697520955e-09
1725,3.001098905640122e-05,1.5080539737612397e-08,1.5080539737612397e-08,1.5080539737612397e-08
1726,3.0069549861114604e-05,1.5080539737612397e-08,1.5080539737612397e-08,1.5080539737612397e-08
1727,3.1339108837918115e-05,2.192325559186819e-08,2.192325559186819e-08,2.192325559186819e-08
1728,3.111775965537943e-05,2.192325559186819e-08,2.192325559186819e-08,2.192325559186819e-08
1729,2.6647889431582632e-05,1.4195668894347234e-08,1.4195668894347234e-08,1.4195668894347234e-08
1730,2.6676936613512225e-05,2.2378906854620643e-08,2.2378906854620643e-08,2.2378906854620643e-08
1731,2.636565347659468e-05,2.9345646420811785e-08,2.9345646420811785e-08,2.9345646420811785e-08
1732,2.7193741386456948e-05,2.1992693380720344e-08,2.1992693380720344e-08,2.1992693380720344e-08
1733,2.7290133792640908e-05,2.1992693380720344e-08,2.1992693380720344e-08,2.1992693380720344e-08
1734,2.7309166658337096e-05,1.5149977526464553e-08,1.5149977526464553e-08,1.5149977526464553e-08
1735,2.819668770825956e-05,1.5149977526464553e-08,1.5149977526464553e-08,1.5149977526464553e-08
1736,2.877699002315889e-05,1.5149977526464553e-08,1.5149977526464553e-08,1.5149977526464553e-08
1737,2.7748922418270793e-05,1.3888367789149925e-08,1.3888367789149925e-08,1.3888367789149925e-08
1738,2.7664925125593853e-05,1.2413444494541181e-08,1.2413444494541181e-08,1.2413444494541181e-08
1739,2.633880103530828e-05,1.2413444494541181e-08,1.2413444494541181e-08,1.2413444494541181e-08
1740,2.657956715016293e-05,1.2413444494541181e-08,1.2413444494541181e-08,1.2413444494541181e-08
1741,2.501641340911322e-05,1.2413444494541181e-08,1.2413444494541181e-08,1.2413444494541181e-08
1742,2.739899745003121e-05,1.2413444494541181e-08,1.2413444494541181e-08,1.2413444494541181e-08
1743,2.5917080815166367e-05,1.2413444494541181e-08,1.2413444494541181e-08,1.2413444494541181e-08
1744,2.5493336319673938e-05,5.491816271582398e-09,5.491816271582398e-09,5.491816271582398e-09
1745,2.817039629527634e-05,0.0,0.0,0.0
1746,2.9928969005205935e-05,0.0,0.0,0.0
1747,3.0157339746697937e-05,4.159151753161236e-09,4.159151753161236e-09,4.159151753161236e-09
1748,3.021920227703439e-05,4.159151753161236e-09,4.159151753161236e-09,4.159151753161236e-09
1749,2.7139086731559864e-05,4.159151753161236e-09,4.159151753161236e-09,4.159151753161236e-09
1750,2.7463692406724605e-05,7.457883199890603e-09,7.457883199890603e-09,7.457883199890603e-09
1751,2.920354407771291e-05,7.457883199890603e-09,7.457883199890603e-09,7.457883199890603e-09
1752,2.7422318973029697e-05,1.1356473349012828e-08,1.1356473349012828e-08,1.1356473349012828e-08
1753,3.0319126121217517e-05,1.1356473349012828e-08,1.1356473349012828e-08,1.1356473349012828e-08
1754,3.270579951017031e-05,1.1381390306399096e-08,1.1381390306399096e-08,1.1381390306399096e-08
1755,3.675624689744187e-05,1.1381390306399096e-08,1.1381390306399096e-08,1.1381390306399096e-08
1756,3.935778165344216e-05,1.4416860847989353e-08,1.4416860847989353e-08,1.4416860847989353e-08
1757,4.292021809046024e-05,1.1118129401259985e-08,1.1118129401259985e-08,1.1118129401259985e-08
1758,4.3037032030822176e-05,1.7333298986597712e-08,1.7333298986597712e-08,1.7333298986597712e-08
1759,4.319082810460324e-05,1.3434708837475488e-08,1.3434708837475488e-08,1.3434708837475488e-08
1760,4.0540362013936306e-05,1.3434708837475488e-08,1.3434708837475488e-08,1.3434708837475488e-08
1761,4.124949243435237e-05,9.250640126927984e-09,9.250640126927984e-09,9.250640126927984e-09
1762,3.989797603156019e-05,9.250640126927984e-09,9.250640126927984e-09,9.250640126927984e-09
1763,4.058969976280683e-05,1.756986784633747e-08,1.756986784633747e-08,1.756986784633747e-08
1764,4.132419988828977e-05,2.0380547535328982e-08,2.0380547535328982e-08,2.0380547535328982e-08
1765,4.440316687188377e-05,5.248168731343737e-08,5.248168731343737e-08,5.248168731343737e-08
1766,4.680393457030212e-05,6.268484347466646e-08,6.268484347466646e-08,6.268484347466646e-08
1767,4.9279147788183764e-05,7.740735493858405e-08,7.740735493858405e-08,7.740735493858405e-08
1768,5.3119319220838535e-05,8.008956748588908e-08,8.008956748588908e-08,8.008956748588908e-08
1769,5.461109114029179e-05,8.008956748588908e-08,8.008956748588908e-08,8.008956748588908e-08
1770,6.040420963212715e-05,6.873486922488934e-08,6.873486922488934e-08,6.873486922488934e-08
1771,6.522814978130295e-05,6.855683335312993e-08,6.855683335312993e-08,6.855683335312993e-08
1772,6.619600441938798e-05,3.814876922295493e-08,3.814876922295493e-08,3.814876922295493e-08
1773,6.884187158513149e-05,2.7945613061725842e-08,2.7945613061725842e-08,2.7945613061725842e-08
1774,7.01213939464651e-05,1.5895564737482866e-08,1.5895564737482866e-08,1.5895564737482866e-08
1775,6.914991640119947e-05,1.321335219017783e-08,1.321335219017783e-08,1.321335219017783e-08
1776,7.048316911095753e-05,1.863809119738237e-08,1.863809119738237e-08,1.863809119738237e-08
1777,6.805027702025004e-05,3.322834325152664e-08,3.322834325152664e-08,3.322834325152664e-08
1778,6.281882815528661e-05,3.6157986826879096e-08,3.6157986826879096e-08,3.6157986826879096e-08
1779,5.986968140600116e-05,3.081142731429866e-08,3.081142731429866e-08,3.081142731429866e-08
1780,5.738718599397024e-05,4.0207988557686547e-08,4.0207988557686547e-08,4.0207988557686547e-08
1781,5.830706244783609e-05,4.709811004691541e-08,4.709811004691541e-08,4.709811004691541e-08
1782,5.797367287284162e-05,5.357251049125418e-08,5.357251049125418e-08,5.357251049125418e-08
1783,5.7260490783456976e-05,5.249696956509199e-08,5.249696956509199e-08,5.249696956509199e-08
1784,5.513026345787304e-05,4.1235661742332145e-08,4.1235661742332145e-08,4.1235661742332145e-08
1785,5.641546782239207e-05,4.2145863941657676e-08,4.2145863941657676e-08,4.2145863941657676e-08
1786,5.657806364719623e-05,4.226437485702458e-08,4.226437485702458e-08,4.226437485702458e-08
1787,5.8158892248424566e-05,3.415695523248782e-08,3.415695523248782e-08,3.415695523248782e-08
1788,5.560360815642136e-05,3.374023511375819e-08,3.374023511375819e-08,3.374023511375819e-08
1789,5.3541427145579033e-05,2.9592604303526774e-08,2.9592604303526774e-08,2.9592604303526774e-08
1790,5.235415249314558e-05,3.076764811181322e-08,3.076764811181322e-08,3.076764811181322e-08
1791,5.3911252637460295e-05,3.069660272002141e-08,3.069660272002141e-08,3.069660272002141e-08
1792,5.276236801624431e-05,2.8577161335720447e-08,2.8577161335720447e-08,2.8577161335720447e-08
1793,5.550183414015919e-05,2.786900894185302e-08,2.786900894185302e-08,2.786900894185302e-08
1794,5.5581143117576304e-05,2.857583845740562e-08,2.857583845740562e-08,2.857583845740562e-08
1795,6.0216308546452115e-05,2.673615094396707e-08,2.673615094396707e-08,2.673615094396707e-08
1796,6.213936701117615e-05,2.725386608456607e-08,2.725386608456607e-08,2.725386608456607e-08
1797,6.403133790757108e-05,3.080040260934018e-08,3.080040260934018e-08,3.080040260934018e-08
1798,6.500932327721134e-05,3.1014443965407934e-08,3.1014443965407934e-08,3.1014443965407934e-08
1799,6.675218277710624e-05,2.7862934943405955e-08,2.7862934943405955e-08,2.7862934943405955e-08
1800,6.541162500590352e-05,2.6714218519836256e-08,2.6714218519836256e-08,2.6714218519836256e-08
1801,6.475140097401371e-05,2.6575609268775224e-08,2.6575609268775224e-08,2.6575609268775224e-08
1802,6.13955344306305e-05,2.100593946404875e-08,2.100593946404875e-08,2.100593946404875e-08
1803,6.096321781764605e-05,2.1671454345347944e-08,2.1671454345347944e-08,2.1671454345347944e-08
1804,6.145224948081054e-05,1.778699435358736e-08,1.778699435358736e-08,1.778699435358736e-08
1805,5.923608789869052e-05,1.7690861727917958e-08,1.7690861727917958e-08,1.7690861727917958e-08
1806,6.076765410918077e-05,1.7782073083846432e-08,1.7782073083846432e-08,1.7782073083846432e-08
1807,6.149155160528608e-05,1.905095750994893e-08,1.905095750994893e-08,1.905095750994893e-08
1808,6.00904126518539e-05,1.8135048383628927e-08,1.8135048383628927e-08,1.8135048383628927e-08
1809,5.7824771959401134e-05,1.9655187953406183e-08,1.9655187953406183e-08,1.9655187953406183e-08
1810,5.729699374309608e-05,2.268331782724025e-08,2.268331782724025e-08,2.268331782724025e-08
1811,5.577140992889846e-05,2.1715910339789194e-08,2.1715910339789194e-08,2.1715910339789194e-08
1812,5.701747639769954e-05,2.6456183783401295e-08,2.6456183783401295e-08,2.6456183783401295e-08
1813,5.284396060492976e-05,2.6715268473610976e-08,2.6715268473610976e-08,2.6715268473610976e-08
1814,5.154867747998131e-05,2.5876805079657776e-08,2.5876805079657776e-08,2.5876805079657776e-08
1815,5.1890037346830855e-05,2.6094196517841998e-08,2.6094196517841998e-08,2.6094196517841998e-08
1816,5.4698497219110974e-05,2.6070485960514944e-08,2.6070485960514944e-08,2.6070485960514944e-08
1817,5.309706102707423e-05,2.1074484633589108e-08,2.1074484633589108e-08,2.1074484633589108e-08
1818,5.318059421759764e-05,1.7929782864760975e-08,1.7929782864760975e-08,1.7929782864760975e-08
1819,5.264155385832835e-05,1.3571137864281419e-08,1.3571137864281419e-08,1.3571137864281419e-08
1820,5.4160464579971244e-05,1.378806580021319e-08,1.378806580021319e-08,1.378806580021319e-08
1821,5.490692741919442e-05,1.5233956318638775e-08,1.5233956318638775e-08,1.5233956318638775e-08
1822,5.535702231489787e-05,2.0937401907466276e-08,2.0937401907466276e-08,2.0937401907466276e-08
1823,5.318210657735888e-05,1.854724234513177e-08,1.854724234513177e-08,1.854724234513177e-08
1824,5.3792056860402226e-05,2.63935153098162e-08,2.63935153098162e-08,2.63935153098162e-08
1825,5.2685717361912664e-05,2.7218558200965097e-08,2.7218558200965097e-08,2.7218558200965097e-08
1826,5.2161181104435984e-05,2.5949585210785893e-08,2.5949585210785893e-08,2.5949585210785893e-08
1827,5.149433023429343e-05,3.4637882530473366e-08,3.4637882530473366e-08,3.4637882530473366e-08
1828,5.0857983296737075e-05,3.833734333166408e-08,3.833734333166408e-08,3.833734333166408e-08
1829,5.030448457026588e-05,3.295081337942715e-08,3.295081337942715e-08,3.295081337942715e-08
1830,5.0053892274653276e-05,3.2870473073590544e-08,3.2870473073590544e-08,3.2870473073590544e-08
1831,4.97261353302747e-05,2.5432859754711704e-08,2.5432859754711704e-08,2.5432859754711704e-08
1832,5.0154847225972586e-05,2.4810849628766263e-08,2.4810849628766263e-08,2.4810849628766263e-08
1833,4.941965016769245e-05,2.4714256165379667e-08,2.4714256165379667e-08,2.4714256165379667e-08
1834,4.883286705340392e-05,1.6001459712811084e-08,1.6001459712811084e-08,1.6001459712811084e-08
1835,4.8719281559377646e-05,1.203207819092508e-08,1.203207819092508e-08,1.203207819092508e-08
1836,4.8299195311431375e-05,1.1907419558302275e-08,1.1907419558302275e-08,1.1907419558302275e-08
1837,4.8295602547503745e-05,1.277125288063579e-08,1.277125288063579e-08,1.277125288063579e-08
1838,4.831704219603645e-05,1.1583722489153355e-08,1.1583722489153355e-08,1.1583722489153355e-08
1839,4.8900023622471576e-05,1.303461218325554e-08,1.303461218325554e-08,1.303461218325554e-08
1840,4.815920900520203e-05,1.4119696967185291e-08,1.4119696967185291e-08,1.4119696967185291e-08
1841,4.784979838794763e-05,1.3355119486492737e-08,1.3355119486492737e-08,1.3355119486492737e-08
1842,4.770254703804052e-05,1.2020078710150983e-08,1.2020078710150983e-08,1.2020078710150983e-08
1843,4.759867546714044e-05,1.3226384241806142e-08,1.3226384241806142e-08,1.3226384241806142e-08
1844,4.804587193315716e-05,1.3670383111222658e-08,1.3670383111222658e-08,1.3670383111222658e-08
1845,4.7702901481118586e-05,1.497602740231839e-08,1.497602740231839e-08,1.497602740231839e-08
1846,4.6954300030068096e-05,1.9487371081895943e-08,1.9487371081895943e-08,1.9487371081895943e-08
1847,4.775357800619011e-05,1.782858064355456e-08,1.782858064355456e-08,1.782858064355456e-08
1848,4.858603590816658e-05,1.8817650422014206e-08,1.8817650422014206e-08,1.8817650422014206e-08
1849,4.91539592206079e-05,1.9711335421033838e-08,1.9711335421033838e-08,1.9711335421033838e-08
1850,4.930919541428531e-05,1.8388146370641933e-08,1.8388146370641933e-08,1.8388146370641933e-08
1851,4.9736561777535826e-05,2.216788073740515e-08,2.216788073740515e-08,2.216788073740515e-08
1852,5.049817316051174e-05,2.0705717838710924e-08,2.0705717838710924e-08,2.0705717838710924e-08
1853,5.1320881798996455e-05,1.457620735223486e-08,1.457620735223486e-08,1.457620735223486e-08
1854,5.231730080725226e-05,1.3818582532211719e-08,1.3818582532211719e-08,1.3818582532211719e-08
1855,5.29407147301494e-05,1.2899861179249683e-08,1.2899861179249683e-08,1.2899861179249683e-08
1856,5.303143240910556e-05,1.1259389928345139e-08,1.1259389928345139e-08,1.1259389928345139e-08
1857,5.4148404680225735e-05,1.1035990978212697e-08,1.1035990978212697e-08,1.1035990978212697e-08
1858,5.480723536623243e-05,5.819626748758213e-09,5.819626748758213e-09,5.819626748758213e-09
1859,5.4878007046811816e-05,6.309616955897062e-09,6.309616955897062e-09,6.309616955897062e-09
1860,5.512009946479728e-05,5.870599435147434e-09,5.870599435147434e-09,5.870599435147434e-09
1861,5.468508814893929e-05,5.713847236624556e-09,5.713847236624556e-09,5.713847236624556e-09
1862,5.4745404798138354e-05,5.2209950014108534e-09,5.2209950014108534e-09,5.2209950014108534e-09
1863,5.496396157208697e-05,6.162026127449443e-09,6.162026127449443e-09,6.162026127449443e-09
1864,5.5617604500314754e-05,6.375680618374093e-09,6.375680618374093e-09,6.375680618374093e-09
1865,5.5405837234242684e-05,6.7150260590105e-09,6.7150260590105e-09,6.7150260590105e-09
1866,5.6189208407886326e-05,8.316913697419587e-09,8.316913697419587e-09,8.316913697419587e-09
1867,5.644896113413519e-05,8.337365718448706e-09,8.337365718448706e-09,8.337365718448706e-09
1868,5.719949902933357e-05,8.553871262100593e-09,8.553871262100593e-09,8.553871262100593e-09
1869,5.8355570737538596e-05,9.105093314230674e-09,9.105093314230674e-09,9.105093314230674e-09
1870,5.969684571027756e-05,9.463392482343482e-09,9.463392482343482e-09,9.463392482343482e-09
1871,6.046296506870671e-05,1.0064842039168655e-08,1.0064842039168655e-08,1.0064842039168655e-08
1872,6.159664761591037e-05,1.0770878030744565e-08,1.0770878030744565e-08,1.0770878030744565e-08
1873,6.294592250404614e-05,8.735410109547307e-09,8.735410109547307e-09,8.735410109547307e-09
1874,6.367656273401476e-05,8.838825100403774e-09,8.838825100403774e-09,8.838825100403774e-09
1875,6.456477006265362e-05,8.681293398434979e-09,8.681293398434979e-09,8.681293398434979e-09
1876,6.41996510759262e-05,9.259495900185551e-09,9.259495900185551e-09,9.259495900185551e-09
1877,6.3848276373132e-05,8.346259112406479e-09,8.346259112406479e-09,8.346259112406479e-09
1878,6.301379263667124e-05,7.282328898635829e-09,7.282328898635829e-09,7.282328898635829e-09
1879,6.304257008845784e-05,7.1744304465580305e-09,7.1744304465580305e-09,7.1744304465580305e-09
1880,6.268113273628322e-05,7.037468607862252e-09,7.037468607862252e-09,7.037468607862252e-09
1881,6.32323935860768e-05,7.063359770092299e-09,7.063359770092299e-09,7.063359770092299e-09
1882,6.319202137612072e-05,7.526620501455535e-09,7.526620501455535e-09,7.526620501455535e-09
1883,6.297650439332106e-05,6.578833636591444e-09,6.578833636591444e-09,6.578833636591444e-09
1884,6.265891611941956e-05,6.607621212089449e-09,6.607621212089449e-09,6.607621212089449e-09
1885,6.245164331630804e-05,7.00655980853274e-09,7.00655980853274e-09,7.00655980853274e-09
1886,6.191421821962908e-05,7.0355778663306574e-09,7.0355778663306574e-09,7.0355778663306574e-09
1887,6.154434283546704e-05,7.393677923874163e-09,7.393677923874163e-09,7.393677923874163e-09
1888,6.056490799112778e-05,7.2750463431248136e-09,7.2750463431248136e-09,7.2750463431248136e-09
1889,5.999529457767494e-05,6.5294681407733284e-09,6.5294681407733284e-09,6.5294681407733284e-09
1890,6.08658764187047e-05,6.195378749700759e-09,6.195378749700759e-09,6.195378749700759e-09
1891,6.152139134688437e-05,6.303177789236867e-09,6.303177789236867e-09,6.303177789236867e-09
1892,6.234738040283056e-05,6.15346783052116e-09,6.15346783052116e-09,6.15346783052116e-09
1893,6.283194047032989e-05,5.383548400723319e-09,5.383548400723319e-09,5.383548400723319e-09
1894,6.314126429580418e-05,5.5154829275189905e-09,5.5154829275189905e-09,5.5154829275189905e-09
1895,6.379132693317453e-05,6.0625103032967735e-09,6.0625103032967735e-09,6.0625103032967735e-09
1896,6.39210089242884e-05,6.19604494695685e-09,6.19604494695685e-09,6.19604494695685e-09
1897,6.339658388502098e-05,7.091686793359031e-09,7.091686793359031e-09,7.091686793359031e-09
1898,6.256592470370898e-05,7.267328833953408e-09,7.267328833953408e-09,7.267328833953408e-09
1899,6.251179365790449e-05,7.986428788139425e-09,7.986428788139425e-09,7.986428788139425e-09
1900,6.297013637127488e-05,8.692209935950196e-09,8.692209935950196e-09,8.692209935950196e-09
1901,6.352406645809034e-05,1.0040851261550188e-08,1.0040851261550188e-08,1.0040851261550188e-08
1902,6.434182068915106e-05,1.0324177766664531e-08,1.0324177766664531e-08,1.0324177766664531e-08
1903,6.486377917878729e-05,1.2809602775324232e-08,1.2809602775324232e-08,1.2809602775324232e-08
1904,6.559310246042774e-05,1.727999102537784e-08,1.727999102537784e-08,1.727999102537784e-08
1905,6.75486319648501e-05,1.8307350556158652e-08,1.8307350556158652e-08,1.8307350556158652e-08
1906,6.851052187682529e-05,1.899736736175685e-08,1.899736736175685e-08,1.899736736175685e-08
1907,6.895381583100451e-05,2.0552552675618633e-08,2.0552552675618633e-08,2.0552552675618633e-08
1908,6.898210891189851e-05,1.9779726555059696e-08,1.9779726555059696e-08,1.9779726555059696e-08
1909,6.864163567245538e-05,2.0700318411773618e-08,2.0700318411773618e-08,2.0700318411773618e-08
1910,6.890661565453879e-05,1.9067556168904176e-08,1.9067556168904176e-08,1.9067556168904176e-08
1911,6.91269981741373e-05,1.4708566174549885e-08,1.4708566174549885e-08,1.4708566174549885e-08
1912,6.874386703462474e-05,1.4451170419046581e-08,1.4451170419046581e-08,1.4451170419046581e-08
1913,6.87201796349005e-05,1.3517816072854722e-08,1.3517816072854722e-08,1.3517816072854722e-08
1914,6.812729095275114e-05,1.1961360790735398e-08,1.1961360790735398e-08,1.1961360790735398e-08
1915,6.763644757614071e-05,1.223415464173578e-08,1.223415464173578e-08,1.223415464173578e-08
1916,6.651066464006103e-05,1.0684246757161223e-08,1.0684246757161223e-08,1.0684246757161223e-08
1917,6.572674776959633e-05,1.0665562782159149e-08,1.0665562782159149e-08,1.0665562782159149e-08
1918,6.453143994024555e-05,1.0677435316860543e-08,1.0677435316860543e-08,1.0677435316860543e-08
1919,6.317428830828118e-05,1.049491858497374e-08,1.049491858497374e-08,1.049491858497374e-08
1920,6.175394186617009e-05,1.0237622686101337e-08,1.0237622686101337e-08,1.0237622686101337e-08
1921,6.106535875005648e-05,1.0614480596059041e-08,1.0614480596059041e-08,1.0614480596059041e-08
1922,6.062204504684944e-05,9.715701893802425e-09,9.715701893802425e-09,9.715701893802425e-09
1923,6.0286783471903096e-05,1.0384010603762102e-08,1.0384010603762102e-08,1.0384010603762102e-08
1924,5.9750609320222535e-05,9.590807449809193e-09,9.590807449809193e-09,9.590807449809193e-09
1925,5.968355669340651e-05,9.409443192863267e-09,9.409443192863267e-09,9.409443192863267e-09
1926,5.92548177727232e-05,9.151160147118681e-09,9.151160147118681e-09,9.151160147118681e-09
1927,5.9122085596235206e-05,9.649589254629681e-09,9.649589254629681e-09,9.649589254629681e-09
1928,5.8521240654434746e-05,9.243426024596602e-09,9.243426024596602e-09,9.243426024596602e-09
1929,5.788398266304284e-05,9.465806614729542e-09,9.465806614729542e-09,9.465806614729542e-09
1930,5.763133854738304e-05,9.065164047988056e-09,9.065164047988056e-09,9.065164047988056e-09
1931,5.7328865036002495e-05,9.36466294985751e-09,9.36466294985751e-09,9.36466294985751e-09
1932,5.670791506418027e-05,9.37547563393894e-09,9.37547563393894e-09,9.37547563393894e-09
1933,5.6084162289542814e-05,9.459628889731318e-09,9.459628889731318e-09,9.459628889731318e-09
1934,5.546360885741056e-05,9.371666871110002e-09,9.371666871110002e-09,9.371666871110002e-09
1935,5.548358292019527e-05,8.37735439748347e-09,8.37735439748347e-09,8.37735439748347e-09
1936,5.531434466580062e-05,8.612667372937771e-09,8.612667372937771e-09,8.612667372937771e-09
1937,5.546460410446993e-05,8.204931686453928e-09,8.204931686453928e-09,8.204931686453928e-09
1938,5.505990806601143e-05,7.986026030946749e-09,7.986026030946749e-09,7.986026030946749e-09
1939,5.540603836249959e-05,7.554436790410283e-09,7.554436790410283e-09,7.554436790410283e-09
1940,5.562700243899599e-05,7.075049720687129e-09,7.075049720687129e-09,7.075049720687129e-09
1941,5.581903678830713e-05,6.593194910666154e-09,6.593194910666154e-09,6.593194910666154e-09
1942,5.491070416090744e-05,7.4022077356517e-09,7.4022077356517e-09,7.4022077356517e-09
1943,5.4521471611224115e-05,7.051128569912635e-09,7.051128569912635e-09,7.051128569912635e-09
1944,5.355321003922394e-05,7.388423079695323e-09,7.388423079695323e-09,7.388423079695323e-09
1945,5.3676002218188455e-05,7.185083702613124e-09,7.185083702613124e-09,7.185083702613124e-09
1946,5.3881173308972006e-05,7.455755695368843e-09,7.455755695368843e-09,7.455755695368843e-09
1947,5.437342406366952e-05,7.485587261157889e-09,7.485587261157889e-09,7.485587261157889e-09
1948,5.424905819901531e-05,7.353287248942511e-09,7.353287248942511e-09,7.353287248942511e-09
1949,5.499707705374541e-05,7.308622913220526e-09,7.308622913220526e-09,7.308622913220526e-09
1950,5.528538427565114e-05,7.538794731333707e-09,7.538794731333707e-09,7.538794731333707e-09
1951,5.595867956539483e-05,7.481051207085848e-09,7.481051207085848e-09,7.481051207085848e-09
1952,5.5987002789541816e-05,7.815552332297265e-09,7.815552332297265e-09,7.815552332297265e-09
1953,5.540244351972693e-05,7.57059627685765e-09,7.57059627685765e-09,7.57059627685765e-09
1954,5.503538341145031e-05,8.273503533067533e-09,8.273503533067533e-09,8.273503533067533e-09
1955,5.494090354269636e-05,8.494009178556489e-09,8.494009178556489e-09,8.494009178556489e-09
1956,5.456627903705729e-05,9.764000148087299e-09,9.764000148087299e-09,9.764000148087299e-09
1957,5.4166609645887676e-05,9.82474076697112e-09,9.82474076697112e-09,9.82474076697112e-09
1958,5.356456053310207e-05,9.603372319588743e-09,9.603372319588743e-09,9.603372319588743e-09
1959,5.324733449794751e-05,9.519436477185245e-09,9.519436477185245e-09,9.519436477185245e-09
1960,5.274985752683798e-05,9.889821723468068e-09,9.889821723468068e-09,9.889821723468068e-09
1961,5.22816158731335e-05,1.4592613022707773e-08,1.4592613022707773e-08,1.4592613022707773e-08
1962,5.1511677156668156e-05,1.4396888252982926e-08,1.4396888252982926e-08,1.4396888252982926e-08
1963,5.082341366297831e-05,1.3029994099562309e-08,1.3029994099562309e-08,1.3029994099562309e-08
1964,4.992339485657534e-05,1.2952458788057747e-08,1.2952458788057747e-08,1.2952458788057747e-08
1965,4.928654639765487e-05,1.3409420875275048e-08,1.3409420875275048e-08,1.3409420875275048e-08
1966,4.8802697295156706e-05,1.3482016772822395e-08,1.3482016772822395e-08,1.3482016772822395e-08
1967,4.80652841880718e-05,1.318425933506871e-08,1.318425933506871e-08,1.318425933506871e-08
1968,4.712135809573478e-05,7.787087546213506e-09,7.787087546213506e-09,7.787087546213506e-09
1969,4.6664934156329506e-05,7.714787221755972e-09,7.714787221755972e-09,7.714787221755972e-09
1970,4.6255641271792615e-05,7.351792571544788e-09,7.351792571544788e-09,7.351792571544788e-09
1971,4.623926361091435e-05,7.095102727561198e-09,7.095102727561198e-09,7.095102727561198e-09
1972,4.632827143983117e-05,6.538637821660944e-09,6.538637821660944e-09,6.538637821660944e-09
1973,4.6175694608661744e-05,6.2593543047130746e-09,6.2593543047130746e-09,6.2593543047130746e-09
1974,4.6431484016855915e-05,6.0890779402760535e-09,6.0890779402760535e-09,6.0890779402760535e-09
1975,4.661602568895822e-05,6.0112776343958424e-09,6.0112776343958424e-09,6.0112776343958424e-09
1976,4.668771206135196e-05,5.707857297920782e-09,5.707857297920782e-09,5.707857297920782e-09
1977,4.6908409006261665e-05,5.638749213586282e-09,5.638749213586282e-09,5.638749213586282e-09
1978,4.6920588439596554e-05,5.319309437368247e-09,5.319309437368247e-09,5.319309437368247e-09
1979,4.6763107093283907e-05,5.2965697859365585e-09,5.2965697859365585e-09,5.2965697859365585e-09
1980,4.698249540524557e-05,5.194651883247811e-09,5.194651883247811e-09,5.194651883247811e-09
1981,4.7088932270915916e-05,5.047835736706117e-09,5.047835736706117e-09,5.047835736706117e-09
1982,4.713309317594394e-05,4.914986703344734e-09,4.914986703344734e-09,4.914986703344734e-09
1983,4.72085178314176e-05,4.9431645443576144e-09,4.9431645443576144e-09,4.9431645443576144e-09
1984,4.739239375339821e-05,5.181687840709921e-09,5.181687840709921e-09,5.181687840709921e-09
1985,4.741476472450553e-05,5.3181608323476274e-09,5.3181608323476274e-09,5.3181608323476274e-09
1986,4.749606003835132e-05,5.289308419824985e-09,5.289308419824985e-09,5.289308419824985e-09
1987,4.740227918123959e-05,5.163713583706502e-09,5.163713583706502e-09,5.163713583706502e-09
1988,4.7423387773700855e-05,5.288757495439508e-09,5.288757495439508e-09,5.288757495439508e-09
1989,4.752844272713576e-05,5.225929847593339e-09,5.225929847593339e-09,5.225929847593339e-09
1990,4.764632259528818e-05,5.0686036954873865e-09,5.0686036954873865e-09,5.0686036954873865e-09
1991,4.768871804117225e-05,4.609165652321881e-09,4.609165652321881e-09,4.609165652321881e-09
1992,4.792236359207891e-05,4.468999297608483e-09,4.468999297608483e-09,4.468999297608483e-09
1993,4.829257367029121e-05,4.5009775906379446e-09,4.5009775906379446e-09,4.5009775906379446e-09
1994,4.8688543756725267e-05,4.635433909732407e-09,4.635433909732407e-09,4.635433909732407e-09
1995,4.9013214655652905e-05,4.546349043264643e-09,4.546349043264643e-09,4.546349043264643e-09
1996,4.950576424432386e-05,4.355903161977283e-09,4.355903161977283e-09,4.355903161977283e-09
1997,5.0020959731357705e-05,4.552066945606725e-09,4.552066945606725e-09,4.552066945606725e-09
1998,5.048158969397524e-05,4.615859757909188e-09,4.615859757909188e-09,4.615859757909188e-09
1999,5.0912311313108406e-05,4.63093081342387e-09,4.63093081342387e-09,4.63093081342387e-09
2000,5.126818307741944e-05,4.666147658736821e-09,4.666147658736821e-09,4.666147658736821e-09
2001,5.145271383558533e-05,4.743928488133114e-09,4.743928488133114e-09,4.743928488133114e-09
2002,5.150668065263224e-05,4.647439258828204e-09,4.647439258828204e-09,4.647439258828204e-09
2003,5.160243277454616e-05,4.7995246507274e-09,4.7995246507274e-09,4.7995246507274e-09
2004,5.192948499045867e-05,4.562103583793942e-09,4.562103583793942e-09,4.562103583793942e-09
2005,5.231645835530279e-05,4.593843464359029e-09,4.593843464359029e-09,4.593843464359029e-09
2006,5.307161388502989e-05,4.840107552845601e-09,4.840107552845601e-09,4.840107552845601e-09
2007,5.4587730119237676e-05,4.585827051428737e-09,4.585827051428737e-09,4.585827051428737e-09
2008,5.6273817920425374e-05,4.1003537073639305e-09,4.1003537073639305e-09,4.1003537073639305e-09
2009,5.766378568036349e-05,3.964700345804317e-09,3.964700345804317e-09,3.964700345804317e-09
2010,5.899565491875235e-05,3.5937349921307973e-09,3.5937349921307973e-09,3.5937349921307973e-09
2011,5.9990519470635005e-05,3.4372601590401277e-09,3.4372601590401277e-09,3.4372601590401277e-09
2012,6.0823935720171516e-05,3.131237586677977e-09,3.131237586677977e-09,3.131237586677977e-09
2013,6.096183798425565e-05,2.9128251874003095e-09,2.9128251874003095e-09,2.9128251874003095e-09
2014,6.028596804493905e-05,3.3961901862206948e-09,3.3961901862206948e-09,3.3961901862206948e-09
2015,5.9036830082602266e-05,3.881348036622561e-09,3.881348036622561e-09,3.881348036622561e-09
2016,5.8591455724256646e-05,4.1131430325184024e-09,4.1131430325184024e-09,4.1131430325184024e-09
2017,5.8189150270967126e-05,4.407017491677341e-09,4.407017491677341e-09,4.407017491677341e-09
2018,5.7721007033251225e-05,4.800969310991832e-09,4.800969310991832e-09,4.800969310991832e-09
2019,5.7121947065752465e-05,5.449871331997258e-09,5.449871331997258e-09,5.449871331997258e-09
