ngram,confusion,confusin,confuson,confusion
1500,2.4114839334288263e-06,0.0,0.0,2.4114839334288263e-06
1501,1.929187146743061e-06,0.0,0.0,1.929187146743061e-06
1502,3.0133427723437003e-06,0.0,0.0,3.0133427723437003e-06
1503,2.5828652334374576e-06,0.0,0.0,2.5828652334374576e-06
1504,2.3155432375330875e-06,0.0,0.0,2.3155432375330875e-06
1505,1.5205382624117192e-06,0.0,0.0,1.5205382624117192e-06
1506,1.5205382624117192e-06,0.0,0.0,1.5205382624117192e-06
1507,1.5205382624117192e-06,0.0,0.0,1.5205382624117192e-06
1508,1.5205382624117192e-06,0.0,0.0,1.5205382624117192e-06
1509,3.156638480764481e-07,0.0,0.0,3.156638480764481e-07
1510,3.156638480764481e-07,0.0,0.0,3.156638480764481e-07
1511,3.156638480764481e-07,0.0,0.0,3.156638480764481e-07
1512,0.0,0.0,0.0,0.0
1513,0.0,0.0,0.0,0.0
1514,5.713222890335601e-07,0.0,0.0,5.713222890335601e-07
1515,5.713222890335601e-07,0.0,0.0,5.713222890335601e-07
1516,5.713222890335601e-07,0.0,0.0,5.713222890335601e-07
1517,1.6338758541678544e-06,0.0,0.0,1.6338758541678544e-06
1518,1.6338758541678544e-06,0.0,0.0,1.6338758541678544e-06
1519,1.6338758541678544e-06,0.0,0.0,1.6338758541678544e-06
1520,4.612989674309834e-06,0.0,0.0,4.612989674309834e-06
1521,4.041667385276274e-06,0.0,0.0,4.041667385276274e-06
1522,4.041667385276274e-06,0.0,0.0,4.041667385276274e-06
1523,5.273757389139584e-06,0.0,0.0,5.273757389139584e-06
1524,4.21120382400529e-06,0.0,0.0,4.21120382400529e-06
1525,4.21120382400529e-06,0.0,0.0,4.21120382400529e-06
1526,4.21120382400529e-06,0.0,0.0,4.21120382400529e-06
1527,1.2320900038633096e-06,0.0,0.0,1.2320900038633096e-06
1528,3.322554870724811e-06,0.0,0.0,3.322554870724811e-06
1529,3.322554870724811e-06,0.0,0.0,3.322554870724811e-06
1530,3.548361876580332e-06,0.0,0.0,3.548361876580332e-06
1531,3.548361876580332e-06,0.0,0.0,3.548361876580332e-06
1532,3.548361876580332e-06,0.0,0.0,3.548361876580332e-06
1533,3.548361876580332e-06,0.0,0.0,3.548361876580332e-06
1534,6.357303261341128e-06,0.0,0.0,6.357303261341128e-06
1535,4.643347957815942e-06,0.0,0.0,4.643347957815942e-06
1536,5.537876729379475e-06,0.0,0.0,5.537876729379475e-06
1537,4.079979719660644e-06,0.0,0.0,4.079979719660644e-06
1538,4.079979719660644e-06,0.0,0.0,4.079979719660644e-06
1539,4.910090865450911e-06,0.0,0.0,4.910090865450911e-06
1540,4.910090865450911e-06,0.0,0.0,4.910090865450911e-06
1541,2.1011494806901154e-06,0.0,0.0,2.1011494806901154e-06
1542,1.7246399173538002e-06,0.0,0.0,1.7246399173538002e-06
1543,8.301111457902672e-07,0.0,0.0,8.301111457902672e-07
1544,2.3602653007921096e-06,0.0,0.0,2.3602653007921096e-06
1545,5.307386475448896e-06,0.0,0.0,5.307386475448896e-06
1546,6.994631153897249e-06,0.0,0.0,6.994631153897249e-06
1547,6.994631153897249e-06,0.0,0.0,6.994631153897249e-06
1548,6.994631153897249e-06,0.0,0.0,6.994631153897249e-06
1549,1.1845262114158167e-05,0.0,0.0,1.1845262114158167e-05
1550,1.670837342057244e-05,0.0,0.0,1.670837342057244e-05
1551,1.7539416408648583e-05,0.0,0.0,1.7539416408648583e-05
1552,1.675562816672027e-05,0.0,0.0,1.675562816672027e-05
1553,1.423827234248165e-05,0.0,0.0,1.423827234248165e-05
1554,1.423827234248165e-05,0.0,0.0,1.423827234248165e-05
1555,1.423827234248165e-05,0.0,0.0,1.423827234248165e-05
1556,9.387641382220733e-06,0.0,0.0,9.387641382220733e-06
1557,4.524530075806459e-06,0.0,0.0,4.524530075806459e-06
1558,2.1633329327284756e-06,0.0,0.0,2.1633329327284756e-06
1559,1.7192232917295769e-06,0.0,0.0,1.7192232917295769e-06
1560,4.860055144360688e-06,0.0,0.0,4.860055144360688e-06
1561,4.860055144360688e-06,0.0,0.0,4.860055144360688e-06
1562,1.7304056850012523e-05,0.0,0.0,1.7304056850012523e-05
1563,1.7304056850012523e-05,0.0,0.0,1.7304056850012523e-05
1564,1.7304056850012523e-05,0.0,0.0,1.7304056850012523e-05
1565,1.8315857492520342e-05,0.0,0.0,1.8315857492520342e-05
1566,1.6596634200790765e-05,0.0,0.0,1.6596634200790765e-05
1567,1.55029943666055e-05,0.0,0.0,1.55029943666055e-05
1568,1.55029943666055e-05,0.0,0.0,1.55029943666055e-05
1569,1.4199573083065583e-05,0.0,0.0,1.4199573083065583e-05
1570,1.7221597642804098e-05,0.0,0.0,1.7221597642804098e-05
1571,1.7221597642804098e-05,0.0,0.0,1.7221597642804098e-05
1572,1.6209797000296282e-05,0.0,0.0,1.6209797000296282e-05
1573,1.6209797000296282e-05,0.0,0.0,1.6209797000296282e-05
1574,1.7975585901045372e-05,0.0,0.0,1.7975585901045372e-05
1575,1.7975585901045372e-05,0.0,0.0,1.7975585901045372e-05
1576,9.5390881012593e-06,0.0,0.0,9.5390881012593e-06
1577,9.068539449279861e-06,0.0,0.0,9.068539449279861e-06
1578,1.3404975366678887e-05,0.0,0.0,1.3404975366678887e-05
1579,1.4698484976958883e-05,0.0,0.0,1.4698484976958883e-05
1580,1.5688945820459465e-05,0.0,0.0,1.5688945820459465e-05
1581,1.721573146694157e-05,0.0,0.0,1.721573146694157e-05
1582,2.140554514491149e-05,0.0,0.0,2.140554514491149e-05
1583,2.110457567791205e-05,0.0,0.0,2.110457567791205e-05
1584,2.1250434461502925e-05,0.0,0.0,2.1250434461502925e-05
1585,2.0310924095870826e-05,0.0,0.0,2.0310924095870826e-05
1586,2.045520217767002e-05,0.0,0.0,2.045520217767002e-05
1587,2.154121869222893e-05,0.0,0.0,2.154121869222893e-05
1588,2.1557498647390666e-05,0.0,0.0,2.1557498647390666e-05
1589,1.9795129186864608e-05,0.0,0.0,1.9795129186864608e-05
1590,1.8691894313503455e-05,0.0,0.0,1.8691894313503455e-05
1591,1.91929611901287e-05,0.0,0.0,1.91929611901287e-05
1592,2.4750612802953193e-05,0.0,0.0,2.4750612802953193e-05
1593,2.599214583044938e-05,0.0,0.0,2.599214583044938e-05
1594,2.6933036938966586e-05,0.0,0.0,2.6933036938966586e-05
1595,2.5183367142744828e-05,0.0,0.0,2.5183367142744828e-05
1596,2.4860105181038046e-05,0.0,0.0,2.4860105181038046e-05
1597,2.6102530942547935e-05,0.0,0.0,2.6102530942547935e-05
1598,2.538122862461023e-05,0.0,0.0,2.538122862461023e-05
1599,1.9492341380100697e-05,0.0,0.0,1.9492341380100697e-05
1600,2.0860251814675784e-05,0.0,0.0,2.0860251814675784e-05
1601,2.096806513561335e-05,0.0,0.0,2.096806513561335e-05
1602,2.0806912029261832e-05,0.0,0.0,2.0806912029261832e-05
1603,2.2823830866920097e-05,0.0,0.0,2.2823830866920097e-05
1604,2.2835581538467003e-05,0.0,0.0,2.2835581538467003e-05
1605,2.2607220151777646e-05,0.0,0.0,2.2607220151777646e-05
1606,2.2904894649400376e-05,0.0,0.0,2.2904894649400376e-05
1607,2.3336645816535956e-05,0.0,0.0,2.3336645816535956e-05
1608,2.3605983057807733e-05,0.0,0.0,2.3605983057807733e-05
1609,2.1670151259708552e-05,0.0,0.0,2.1670151259708552e-05
1610,2.048036016536311e-05,0.0,0.0,2.048036016536311e-05
1611,1.9564901906830657e-05,0.0,0.0,1.9564901906830657e-05
1612,2.2965179076501435e-05,0.0,0.0,2.2965179076501435e-05
1613,2.5354991781309115e-05,0.0,0.0,2.5354991781309115e-05
1614,2.417210687001768e-05,0.0,0.0,2.417210687001768e-05
1615,2.3444190706608685e-05,0.0,0.0,2.3444190706608685e-05
1616,2.40973460157485e-05,0.0,0.0,2.40973460157485e-05
1617,2.783726800511691e-05,0.0,0.0,2.783726800511691e-05
1618,2.8660599907327977e-05,0.0,0.0,2.8660599907327977e-05
1619,2.5937481820749652e-05,0.0,0.0,2.5937481820749652e-05
1620,2.2400560867806363e-05,0.0,0.0,2.2400560867806363e-05
1621,2.5170675144181587e-05,0.0,0.0,2.5170675144181587e-05
1622,2.5458705359986717e-05,0.0,0.0,2.5458705359986717e-05
1623,2.652912865284764e-05,0.0,0.0,2.652912865284764e-05
1624,2.1351218622710023e-05,0.0,0.0,2.1351218622710023e-05
1625,1.9719937167142882e-05,0.0,0.0,1.9719937167142882e-05
1626,2.0238367337047487e-05,0.0,0.0,2.0238367337047487e-05
1627,1.977959586188912e-05,0.0,0.0,1.977959586188912e-05
1628,1.6792430674935792e-05,0.0,0.0,1.6792430674935792e-05
1629,1.6973912547005705e-05,0.0,0.0,1.6973912547005705e-05
1630,1.7449648956764057e-05,0.0,0.0,1.7449648956764057e-05
1631,1.83368865041952e-05,0.0,0.0,1.83368865041952e-05
1632,1.9705266822711565e-05,0.0,0.0,1.9705266822711565e-05
1633,1.722058927303546e-05,0.0,0.0,1.722058927303546e-05
1634,1.8425140426968157e-05,0.0,0.0,1.8425140426968157e-05
1635,2.0120637080773512e-05,0.0,0.0,2.0120637080773512e-05
1636,1.872141027498791e-05,0.0,0.0,1.872141027498791e-05
1637,1.786594839359168e-05,0.0,0.0,1.786594839359168e-05
1638,1.885214078356512e-05,0.0,0.0,1.885214078356512e-05
1639,1.859986930087741e-05,0.0,0.0,1.859986930087741e-05
1640,2.072446126736135e-05,0.0,0.0,2.072446126736135e-05
1641,2.5048520001291763e-05,0.0,0.0,2.5048520001291763e-05
1642,2.318862230562705e-05,0.0,0.0,2.318862230562705e-05
1643,2.3619472943080056e-05,0.0,0.0,2.3619472943080056e-05
1644,2.369939491992617e-05,0.0,0.0,2.369939491992617e-05
1645,2.77492843971621e-05,0.0,0.0,2.77492843971621e-05
1646,2.993280343486861e-05,0.0,0.0,2.993280343486861e-05
1647,2.955374631190872e-05,0.0,0.0,2.955374631190872e-05
1648,2.5110304445011673e-05,0.0,0.0,2.5110304445011673e-05
1649,2.5168314355791415e-05,0.0,0.0,2.5168314355791415e-05
1650,2.515266221182953e-05,0.0,0.0,2.515266221182953e-05
1651,2.4971500481894638e-05,0.0,0.0,2.4971500481894638e-05
1652,1.9893057729599866e-05,0.0,0.0,1.9893057729599866e-05
1653,1.840093526490299e-05,0.0,0.0,1.840093526490299e-05
1654,2.2457510307763835e-05,0.0,0.0,2.2457510307763835e-05
1655,2.4263101035363172e-05,0.0,0.0,2.4263101035363172e-05
1656,2.4643188226036727e-05,0.0,0.0,2.4643188226036727e-05
1657,2.6745179638965055e-05,0.0,0.0,2.6745179638965055e-05
1658,2.66203405772103e-05,0.0,0.0,2.66203405772103e-05
1659,2.9782730572540978e-05,0.0,0.0,2.9782730572540978e-05
1660,3.331803808188332e-05,0.0,0.0,3.331803808188332e-05
1661,2.870621171626096e-05,0.0,0.0,2.870621171626096e-05
1662,2.629096044464469e-05,0.0,0.0,2.629096044464469e-05
1663,2.628866176174987e-05,0.0,0.0,2.628866176174987e-05
1664,2.521812517183467e-05,0.0,0.0,2.521812517183467e-05
1665,2.4619173408219857e-05,0.0,0.0,2.4619173408219857e-05
1666,2.107605632772902e-05,0.0,0.0,2.107605632772902e-05
1667,1.7498781874434955e-05,0.0,0.0,1.7498781874434955e-05
1668,1.784278200440375e-05,0.0,0.0,1.784278200440375e-05
1669,1.7706576337721864e-05,0.0,0.0,1.7706576337721864e-05
1670,1.9264576621935703e-05,0.0,0.0,1.9264576621935703e-05
1671,1.815387531678425e-05,0.0,0.0,1.815387531678425e-05
1672,1.8413516954751685e-05,0.0,0.0,1.8413516954751685e-05
1673,2.0810790504453636e-05,0.0,0.0,2.0810790504453636e-05
1674,2.0784516501797562e-05,0.0,0.0,2.0784516501797562e-05
1675,2.227152916540425e-05,0.0,0.0,2.227152916540425e-05
1676,2.2193228687683586e-05,0.0,0.0,2.2193228687683586e-05
1677,1.9770163297445314e-05,0.0,0.0,1.9770163297445314e-05
1678,2.0406248950166628e-05,0.0,0.0,2.0406248950166628e-05
1679,2.037942639227757e-05,0.0,0.0,2.037942639227757e-05
1680,1.848654366248021e-05,0.0,0.0,1.848654366248021e-05
1681,1.85793581165074e-05,0.0,0.0,1.85793581165074e-05
1682,1.6634676545176523e-05,0.0,0.0,1.6634676545176523e-05
1683,1.6778778834642643e-05,0.0,0.0,1.6778778834642643e-05
1684,1.6280467467108144e-05,0.0,0.0,1.6280467467108144e-05
1685,1.4642450748527023e-05,0.0,0.0,1.4642450748527023e-05
1686,1.5641663724506672e-05,0.0,0.0,1.5641663724506672e-05
1687,1.5569406449295847e-05,0.0,4.1200089689092627e-08,1.5569406449295847e-05
1688,1.5096484795711668e-05,0.0,4.1200089689092627e-08,1.5096484795711668e-05
1689,1.4259924942702387e-05,0.0,4.1200089689092627e-08,1.4259924942702387e-05
1690,1.3509716414513864e-05,0.0,4.1200089689092627e-08,1.3509716414513864e-05
1691,1.4213914775090026e-05,0.0,4.1200089689092627e-08,1.4213914775090026e-05
1692,1.5012781139895587e-05,0.0,4.1200089689092627e-08,1.5012781139895587e-05
1693,1.2818475300134327e-05,0.0,4.1200089689092627e-08,1.2818475300134327e-05
1694,1.167253328406202e-05,0.0,0.0,1.167253328406202e-05
1695,1.0723273395082547e-05,0.0,0.0,1.0723273395082547e-05
1696,1.1129655376862502e-05,0.0,0.0,1.1129655376862502e-05
1697,1.2038951289079186e-05,0.0,0.0,1.2038951289079186e-05
1698,1.071669320091522e-05,0.0,0.0,1.071669320091522e-05
1699,9.983967759451065e-06,0.0,0.0,9.983967759451065e-06
1700,1.1010681451547758e-05,0.0,0.0,1.1010681451547758e-05
1701,1.153603534476133e-05,0.0,0.0,1.153603534476133e-05
1702,1.1158422564351764e-05,0.0,0.0,1.1158422564351764e-05
1703,1.0844157714018365e-05,0.0,0.0,1.0844157714018365e-05
1704,1.1086364988191885e-05,0.0,0.0,1.1086364988191885e-05
1705,1.1448182379224039e-05,0.0,0.0,1.1448182379224039e-05
1706,1.145189675558608e-05,0.0,0.0,1.145189675558608e-05
1707,9.893950391415274e-06,0.0,0.0,9.893950391415274e-06
1708,8.838727613432898e-06,0.0,0.0,8.838727613432898e-06
1709,9.899798637239396e-06,0.0,0.0,9.899798637239396e-06
1710,9.744168632356118e-06,0.0,0.0,9.744168632356118e-06
1711,8.062287568983656e-06,0.0,0.0,8.062287568983656e-06
1712,7.015857980669742e-06,0.0,0.0,7.015857980669742e-06
1713,7.346343669009262e-06,0.0,0.0,7.346343669009262e-06
1714,8.725957871190206e-06,0.0,0.0,8.725957871190206e-06
1715,9.031175522977719e-06,0.0,0.0,9.031175522977719e-06
1716,8.090073346725798e-06,0.0,0.0,8.090073346725798e-06
1717,8.359900415858387e-06,0.0,0.0,8.359900415858387e-06
1718,1.0141062700443268e-05,0.0,0.0,1.0141062700443268e-05
1719,1.0246851746030319e-05,0.0,0.0,1.0246851746030319e-05
1720,9.980731777302157e-06,0.0,0.0,9.980731777302157e-06
1721,9.406698479454332e-06,0.0,0.0,9.406698479454332e-06
1722,9.376817745630564e-06,0.0,0.0,9.376817745630564e-06
1723,9.845083760800272e-06,0.0,0.0,9.845083760800272e-06
1724,9.865698627566286e-06,0.0,0.0,9.865698627566286e-06
1725,9.14371405867444e-06,0.0,0.0,9.14371405867444e-06
1726,1.0065379033871327e-05,0.0,0.0,1.0065379033871327e-05
1727,1.0673568665099862e-05,0.0,0.0,1.0673568665099862e-05
1728,1.1192913526818821e-05,0.0,0.0,1.1192913526818821e-05
1729,1.1427201960551819e-05,0.0,0.0,1.1427201960551819e-05
1730,1.1588133539979545e-05,0.0,0.0,1.1588133539979545e-05
1731,1.1533947664637318e-05,0.0,0.0,1.1533947664637318e-05
1732,1.0581614787952276e-05,0.0,0.0,1.0581614787952276e-05
1733,1.0436288968256641e-05,0.0,0.0,1.0436288968256641e-05
1734,1.0651529724522593e-05,0.0,0.0,1.0651529724522593e-05
1735,1.007881428449764e-05,0.0,0.0,1.007881428449764e-05
1736,1.0112204823339458e-05,0.0,0.0,1.0112204823339458e-05
1737,9.711391807546274e-06,0.0,0.0,9.711391807546274e-06
1738,1.012378450988243e-05,0.0,0.0,1.012378450988243e-05
1739,1.0375609625563292e-05,0.0,0.0,1.0375609625563292e-05
1740,9.954639608622529e-06,0.0,0.0,9.954639608622529e-06
1741,9.750073851526914e-06,0.0,0.0,9.750073851526914e-06
1742,1.0701613324012474e-05,0.0,0.0,1.0701613324012474e-05
1743,1.1207348247158474e-05,0.0,0.0,1.1207348247158474e-05
1744,1.275485257273041e-05,0.0,0.0,1.275485257273041e-05
1745,1.4068996149165156e-05,0.0,0.0,1.4068996149165156e-05
1746,1.5272510998849092e-05,0.0,0.0,1.5272510998849092e-05
1747,1.706747765898139e-05,0.0,0.0,1.706747765898139e-05
1748,1.7303571179841777e-05,0.0,0.0,1.7303571179841777e-05
1749,1.7958997237396295e-05,0.0,0.0,1.7958997237396295e-05
1750,1.933354581394399e-05,0.0,0.0,1.933354581394399e-05
1751,1.9765566451366923e-05,0.0,0.0,1.9765566451366923e-05
1752,2.007005176502779e-05,0.0,0.0,2.007005176502779e-05
1753,2.10055899775138e-05,0.0,0.0,2.10055899775138e-05
1754,2.2182193138827904e-05,0.0,0.0,2.2182193138827904e-05
1755,2.4449369448120706e-05,0.0,0.0,2.4449369448120706e-05
1756,2.6551870178082027e-05,0.0,0.0,2.6551870178082027e-05
1757,2.8874682746910757e-05,0.0,0.0,2.8874682746910757e-05
1758,3.0354573027580045e-05,0.0,0.0,3.0354573027580045e-05
1759,3.128568226072405e-05,0.0,0.0,3.128568226072405e-05
1760,3.113153408256559e-05,0.0,0.0,3.113153408256559e-05
1761,3.06254239278912e-05,0.0,0.0,3.06254239278912e-05
1762,2.9718451384854105e-05,0.0,0.0,2.9718451384854105e-05
1763,2.855427763799006e-05,0.0,0.0,2.855427763799006e-05
1764,2.758302720654423e-05,0.0,0.0,2.758302720654423e-05
1765,2.776376147396929e-05,0.0,2.9474084125727782e-09,2.776376147396929e-05
1766,2.7479836197536705e-05,0.0,2.9474084125727782e-09,2.7479836197536705e-05
1767,3.0022539379258107e-05,0.0,2.9474084125727782e-09,3.0022539379258107e-05
1768,3.042143388094181e-05,0.0,2.9474084125727782e-09,3.042143388094181e-05
1769,3.094909438264689e-05,0.0,5.993668038075027e-09,3.094909438264689e-05
1770,3.170072912845561e-05,0.0,5.993668038075027e-09,3.170072912845561e-05
1771,3.178497588253647e-05,0.0,5.993668038075027e-09,3.178497588253647e-05
1772,3.185510623942329e-05,0.0,3.046259625502249e-09,3.185510623942329e-05
1773,3.23590128183631e-05,0.0,3.046259625502249e-09,3.23590128183631e-05
1774,3.148935762250663e-05,0.0,3.046259625502249e-09,3.148935762250663e-05
1775,3.179226275408707e-05,0.0,3.046259625502249e-09,3.179226275408707e-05
1776,3.2973400915839844e-05,0.0,0.0,3.2973400915839844e-05
1777,3.273453226678872e-05,0.0,0.0,3.273453226678872e-05
1778,3.243346665320652e-05,0.0,0.0,3.243346665320652e-05
1779,3.151069332878771e-05,0.0,0.0,3.151069332878771e-05
1780,3.1327883854308834e-05,0.0,0.0,3.1327883854308834e-05
1781,3.023516780688494e-05,0.0,0.0,3.023516780688494e-05
1782,3.0102659366093576e-05,0.0,4.316266962892509e-09,3.0102659366093576e-05
1783,2.9498909238360022e-05,0.0,4.316266962892509e-09,2.9498909238360022e-05
1784,2.9285152257736108e-05,0.0,4.316266962892509e-09,2.9285152257736108e-05
1785,2.9982569425815848e-05,0.0,4.316266962892509e-09,2.9982569425815848e-05
1786,3.0022834315397112e-05,0.0,4.316266962892509e-09,3.0022834315397112e-05
1787,2.9963262672286612e-05,0.0,4.316266962892509e-09,2.9963262672286612e-05
1788,3.097983790212311e-05,0.0,4.316266962892509e-09,3.097983790212311e-05
1789,3.235702258409999e-05,0.0,1.163384817053676e-09,3.235702258409999e-05
1790,3.2764830133861066e-05,0.0,1.163384817053676e-09,3.2764830133861066e-05
1791,3.329131920639027e-05,0.0,1.163384817053676e-09,3.329131920639027e-05
1792,3.3525045832253196e-05,0.0,1.163384817053676e-09,3.3525045832253196e-05
1793,3.412127963591567e-05,0.0,2.1494069381487536e-09,3.412127963591567e-05
1794,3.434095352921369e-05,0.0,2.1494069381487536e-09,3.434095352921369e-05
1795,3.3801715939521925e-05,0.0,3.0626790627406665e-09,3.3801715939521925e-05
1796,3.28371214501593e-05,0.0,1.89929424568699e-09,3.28371214501593e-05
1797,3.271318642613811e-05,0.0,3.0331415474498566e-09,3.271318642613811e-05
1798,3.330852294831337e-05,0.0,3.0331415474498566e-09,3.330852294831337e-05
1799,3.316041771280912e-05,0.0,4.835450325860588e-09,3.316041771280912e-05
1800,3.2896586812317506e-05,0.0,3.84942820476551e-09,3.2896586812317506e-05
1801,3.443180711266385e-05,0.0,5.242449648993183e-09,3.443180711266385e-05
1802,3.6020560011300926e-05,0.0,4.763304322403477e-09,3.6020560011300926e-05
1803,3.672390344685742e-05,0.0,5.1143042816599e-09,3.672390344685742e-05
1804,3.70262647006062e-05,0.0,4.285534530420623e-09,3.70262647006062e-05
1805,3.7557016185019165e-05,0.0,4.545212032144466e-09,3.7557016185019165e-05
1806,3.761264192040211e-05,0.0,3.0014533556967292e-09,3.761264192040211e-05
1807,3.8883670120932425e-05,0.0,3.4198958109854516e-09,3.8883670120932425e-05
1808,3.831209219892376e-05,0.0,2.026874366757779e-09,3.831209219892376e-05
1809,3.7464375054696575e-05,0.0,1.954597198380473e-09,3.7464375054696575e-05
1810,3.7193561313740376e-05,0.0,1.8215348911760592e-09,3.7193561313740376e-05
1811,3.711749169659535e-05,0.0,1.9852252223070568e-09,3.711749169659535e-05
1812,3.6678850197599134e-05,0.0,1.7255477205832141e-09,3.6678850197599134e-05
1813,3.6841679372758206e-05,0.0,1.854956426556547e-09,3.6841679372758206e-05
1814,3.674828414140003e-05,2.0895813650818289e-10,2.48130463794841e-09,3.674828414140003e-05
1815,3.628391173801252e-05,2.0895813650818289e-10,2.48130463794841e-09,3.628391173801252e-05
1816,3.5974581676003125e-05,2.0895813650818289e-10,2.4998004460081394e-09,3.5974581676003125e-05
1817,3.679964876417736e-05,2.0895813650818289e-10,2.4532103650086258e-09,3.679964876417736e-05
1818,3.696403291542083e-05,3.879930028054852e-10,2.7005819485432473e-09,3.696403291542083e-05
1819,3.687583115866541e-05,5.382904439648379e-10,2.7005819485432473e-09,3.687583115866541e-05
1820,3.7114998641689976e-05,5.382904439648379e-10,2.3126231406069208e-09,3.7114998641689976e-05
1821,3.6893837594626735e-05,3.29332307456655e-10,1.524940983012511e-09,3.6893837594626735e-05
1822,3.7073064179691884e-05,3.29332307456655e-10,1.649709884572153e-09,3.7073064179691884e-05
1823,3.753486765033033e-05,3.29332307456655e-10,1.4098272152881668e-09,3.753486765033033e-05
1824,3.705011580937675e-05,7.31692357496578e-10,1.909079727635543e-09,3.705011580937675e-05
1825,3.6844626655303205e-05,6.792742955420903e-10,1.192940262446334e-09,3.6844626655303205e-05
1826,3.645309230445751e-05,8.844715991353423e-10,1.7854314614064647e-09,3.645309230445751e-05
1827,3.5991773204711664e-05,8.844715991353423e-10,2.09914327983388e-09,3.5991773204711664e-05
1828,3.591187643386158e-05,9.948009083160514e-10,2.6143399112221744e-09,3.591187643386158e-05
1829,3.502304415243478e-05,9.948009083160514e-10,2.700393845042218e-09,3.502304415243478e-05
1830,3.4750279415415465e-05,9.948009083160514e-10,3.227062886753832e-09,3.4750279415415465e-05
1831,3.419267445029358e-05,1.1498088513052706e-09,2.7422521237901218e-09,3.419267445029358e-05
1832,3.394748559263202e-05,1.193490964787206e-09,2.8274015827024967e-09,3.394748559263202e-05
1833,3.3924117815331556e-05,1.002952744664855e-09,3.1421712533484326e-09,3.3924117815331556e-05
1834,3.364973105947554e-05,1.002952744664855e-09,3.1607002094956117e-09,3.364973105947554e-05
1835,3.287087097955269e-05,8.926234354841459e-10,2.723528672429357e-09,3.287087097955269e-05
1836,3.333172727642315e-05,8.926234354841459e-10,2.81295055502641e-09,3.333172727642315e-05
1837,3.3223140884989076e-05,8.926234354841459e-10,2.2232601553413237e-09,3.3223140884989076e-05
1838,3.33467178279534e-05,7.168841710734699e-10,2.2664480847645052e-09,3.33467178279534e-05
1839,3.336090074818847e-05,9.254924445859355e-10,2.2570800625335406e-09,3.336090074818847e-05
1840,3.3369351772957346e-05,9.117078520708738e-10,1.4254051589850697e-09,3.3369351772957346e-05
1841,3.322542761452496e-05,9.816854630782602e-10,1.0931643844104754e-09,3.322542761452496e-05
1842,3.325848125054368e-05,1.1033163430492925e-09,1.0621079888600044e-09,3.325848125054368e-05
1843,3.289845439472369e-05,1.168890872982331e-09,9.585868606823818e-10,3.289845439472369e-05
1844,3.267413610176716e-05,1.2356737300045495e-09,1.0814940133917007e-09,3.267413610176716e-05
1845,3.239458341600506e-05,8.540450013860834e-10,1.4531656275121714e-09,3.239458341600506e-05
1846,3.216081833150903e-05,4.751378100488677e-10,2.160030202321853e-09,3.216081833150903e-05
1847,3.1808089780887326e-05,3.845713430245772e-10,2.1450497013551585e-09,3.1808089780887326e-05
1848,3.139218850784735e-05,4.786567491572263e-10,2.4184880844023228e-09,3.139218850784735e-05
1849,3.1116897454402146e-05,5.18244479076811e-10,2.114410876544578e-09,3.1116897454402146e-05
1850,3.092563903399943e-05,7.374894187403161e-10,2.0126271046575337e-09,3.092563903399943e-05
1851,3.072979779972229e-05,7.635637519090973e-10,2.0444215130334597e-09,3.072979779972229e-05
1852,3.0438675301931134e-05,1.269179459941126e-09,2.0505114986920805e-09,3.0438675301931134e-05
1853,3.032279788125639e-05,1.365698141876846e-09,1.2678654872009888e-09,3.032279788125639e-05
1854,3.0140761217418393e-05,1.5576019759703082e-09,1.2072600221100872e-09,3.0140761217418393e-05
1855,2.9940756056540912e-05,1.4460407078103238e-09,1.1438286349831272e-09,2.9940756056540912e-05
1856,2.9691562303924002e-05,1.334520902515227e-09,1.2929250527347692e-09,2.9691562303924002e-05
1857,2.9498310271134998e-05,1.24223833997128e-09,1.1979852348226976e-09,2.9498310271134998e-05
1858,2.9085668627106186e-05,1.2645881762386934e-09,1.0234457765394873e-09,2.9085668627106186e-05
1859,2.879654311982449e-05,7.589724682066645e-10,4.776363154197177e-10,2.879654311982449e-05
1860,2.859670686510591e-05,9.674298306894258e-10,5.386315243034139e-10,2.859670686510591e-05
1861,2.8383032258716412e-05,1.1103272864624154e-09,5.951182047159165e-10,2.8383032258716412e-05
1862,2.8346807084744796e-05,1.2249803512823627e-09,4.4082948006237844e-10,2.8346807084744796e-05
1863,2.8568087925253038e-05,1.4617088412676488e-09,7.691118654649744e-10,2.8568087925253038e-05
1864,2.8371188818709925e-05,1.6459329058423781e-09,1.0987777156388846e-09,2.8371188818709925e-05
1865,2.8115433971314424e-05,1.7960851853412611e-09,1.3065335083669742e-09,2.8115433971314424e-05
1866,2.7636045550545013e-05,2.1057625167385042e-09,1.864958782642796e-09,2.7636045550545013e-05
1867,2.702700008480211e-05,2.016848751499164e-09,1.8471760311809605e-09,2.702700008480211e-05
1868,2.6734827770269476e-05,2.1591823884392625e-09,1.8355010487715516e-09,2.6734827770269476e-05
1869,2.6226961511253777e-05,2.348300554011473e-09,2.096469866755665e-09,2.6226961511253777e-05
1870,2.5589062456024942e-05,2.1463461801524933e-09,1.6190910636014267e-09,2.5589062456024942e-05
1871,2.521563432570214e-05,1.9724655242470135e-09,1.2894252134275165e-09,2.521563432570214e-05
1872,2.5084607321852153e-05,1.952816479950619e-09,1.0650176177470376e-09,2.5084607321852153e-05
1873,2.5014653147081845e-05,1.7991741588626757e-09,6.797154783466652e-10,2.5014653147081845e-05
1874,2.4846918157501413e-05,2.0202597531390356e-09,6.762437356121e-10,2.4846918157501413e-05
1875,2.432220805660888e-05,2.1644748691786374e-09,8.320071814044943e-10,2.432220805660888e-05
1876,2.4208408181688617e-05,2.076525792585723e-09,5.153200921537149e-10,2.4208408181688617e-05
1877,2.4193375013835195e-05,2.446424618440801e-09,6.900784586618056e-10,2.4193375013835195e-05
1878,2.411052862173944e-05,3.005536867003603e-09,6.900784586618056e-10,2.411052862173944e-05
1879,2.39221153606195e-05,3.14387857017603e-09,7.887820039988367e-10,2.39221153606195e-05
1880,2.370436283984288e-05,3.2509370275133976e-09,8.178229482513899e-10,2.370436283984288e-05
1881,2.347277768421918e-05,3.0663139170629604e-09,8.727790236560753e-10,2.347277768421918e-05
1882,2.3507180750519702e-05,2.6760446081297573e-09,7.694326128618708e-10,2.3507180750519702e-05
1883,2.3210007514405462e-05,2.953805406618366e-09,8.658004947901889e-10,2.3210007514405462e-05
1884,2.2668568947535406e-05,2.743520918383321e-09,6.910421282820981e-10,2.2668568947535406e-05
1885,2.2365714487802635e-05,2.358830955958727e-09,7.200654061107719e-10,2.2365714487802635e-05
1886,2.205140221381693e-05,2.8300261023517237e-09,6.907646141593052e-10,2.205140221381693e-05
1887,2.1958316730368616e-05,3.147245955911363e-09,5.105730540736328e-10,2.1958316730368616e-05
1888,2.1823881719943268e-05,3.218755294044838e-09,4.428791064040435e-10,2.1823881719943268e-05
1889,2.1645747827798395e-05,3.241119848697492e-09,4.2416306181688613e-10,2.1645747827798395e-05
1890,2.1579139034396837e-05,3.3021317426472153e-09,3.7838656017998215e-10,2.1579139034396837e-05
1891,2.15536848762505e-05,3.4165151977357968e-09,5.064118172423296e-10,2.15536848762505e-05
1892,2.134131838309778e-05,3.308871589423136e-09,5.22331703683194e-10,2.134131838309778e-05
1893,2.119562538739826e-05,2.891796262766937e-09,4.119772400208126e-10,2.119562538739826e-05
1894,2.079343825503851e-05,3.1509702783491125e-09,3.290753324598177e-10,2.079343825503851e-05
1895,2.0662136583788587e-05,3.3562163524538035e-09,4.502709435464222e-10,2.0662136583788587e-05
1896,2.070954230605691e-05,3.7011000930675664e-09,5.655625134881603e-10,2.070954230605691e-05
1897,2.0670521865083303e-05,3.5769991413303615e-09,6.450084157259641e-10,2.0670521865083303e-05
1898,2.0524740258614266e-05,3.976131487551779e-09,9.49899210876483e-10,2.0524740258614266e-05
1899,2.0506886357907206e-05,4.5443121963830075e-09,1.141736832061773e-09,2.0506886357907206e-05
1900,2.0300880350987427e-05,5.389153345802811e-09,1.2863016683541316e-09,2.0300880350987427e-05
1901,2.0209489905807588e-05,5.2694068473714745e-09,1.4062584747469892e-09,2.0209489905807588e-05
1902,1.9850285752909258e-05,5.29111196126816e-09,1.3441514726661045e-09,1.9850285752909258e-05
1903,1.9267305365896652e-05,5.094412669492954e-09,1.2778603730723148e-09,1.9267305365896652e-05
1904,1.8961814930662513e-05,4.960199298916937e-09,1.274653010125653e-09,1.8961814930662513e-05
1905,1.8656022283331758e-05,4.812470739372949e-09,8.722306825216717e-10,1.8656022283331758e-05
1906,1.8354974599787965e-05,4.5176555829584686e-09,6.975098415518133e-10,1.8354974599787965e-05
1907,1.8307014865318445e-05,3.732748554696741e-09,8.459484680216939e-10,1.8307014865318445e-05
1908,1.80753899517835e-05,3.4796391482469093e-09,7.671650239674374e-10,1.80753899517835e-05
1909,1.797470161233962e-05,3.4798942457773106e-09,9.291317338527045e-10,1.797470161233962e-05
1910,1.7818719633006757e-05,3.3344585188237782e-09,8.567141341580304e-10,1.7818719633006757e-05
1911,1.7628841305850074e-05,3.4189921370243935e-09,9.255752652410315e-10,1.7628841305850074e-05
1912,1.7434716418003e-05,2.8811881769286174e-09,9.239097562404755e-10,1.7434716418003e-05
1913,1.721513789172085e-05,2.781399111029259e-09,1.033424835785089e-09,1.721513789172085e-05
1914,1.700576337628133e-05,2.546390019477128e-09,9.304357423411957e-10,1.700576337628133e-05
1915,1.7091729335204165e-05,2.6694912946823024e-09,9.211398251305982e-10,1.7091729335204165e-05
1916,1.7145654575350428e-05,2.5246511865211526e-09,9.590670579135668e-10,1.7145654575350428e-05
1917,1.7275721672506605e-05,2.5569950601322944e-09,1.22518338133545e-09,1.7275721672506605e-05
1918,1.7217545194268625e-05,2.454424663511645e-09,1.0582528087959326e-09,1.7217545194268625e-05
1919,1.737816247831298e-05,2.8369380178361325e-09,1.256716540355894e-09,1.737816247831298e-05
1920,1.755912853695918e-05,2.5793157768358046e-09,1.3635613749229947e-09,1.755912853695918e-05
1921,1.761707088527536e-05,2.8222279116870854e-09,1.4827746966769188e-09,1.761707088527536e-05
1922,1.7562156374749194e-05,2.546462057091097e-09,1.740712788197588e-09,1.7562156374749194e-05
1923,1.7730638449263226e-05,2.4101496671440667e-09,1.5774946190586343e-09,1.7730638449263226e-05
1924,1.7819512192675446e-05,2.4761723465311594e-09,1.451654978763222e-09,1.7819512192675446e-05
1925,1.8022218033105935e-05,2.7895717799201034e-09,1.7219617795153193e-09,1.8022218033105935e-05
1926,1.8158877667571816e-05,2.5871404859704026e-09,1.6092846499837776e-09,1.8158877667571816e-05
1927,1.8304930563317612e-05,2.8108180703613682e-09,1.421818305948262e-09,1.8304930563317612e-05
1928,1.841963395626018e-05,2.646951404093402e-09,1.2038285606459048e-09,1.841963395626018e-05
1929,1.8639823662981924e-05,2.73755730782556e-09,1.1162994021215615e-09,1.8639823662981924e-05
1930,1.8675319422202718e-05,3.0392446813211548e-09,1.1841239258966345e-09,1.8675319422202718e-05
1931,1.886782488976938e-05,2.8864087469366542e-09,1.224848777958698e-09,1.886782488976938e-05
1932,1.9115190817891354e-05,2.596912510429864e-09,1.0203544834449678e-09,1.9115190817891354e-05
1933,1.93533885197082e-05,3.178777590357689e-09,1.0679097844119261e-09,1.93533885197082e-05
1934,1.960499815010865e-05,3.3087157458311367e-09,1.0668277689822909e-09,1.960499815010865e-05
1935,1.989252658469403e-05,3.3221307926822874e-09,1.1978131581840452e-09,1.989252658469403e-05
1936,2.0008990239667973e-05,3.378181544024171e-09,1.1630262388072156e-09,2.0008990239667973e-05
1937,2.019411216939001e-05,3.3225818604368638e-09,1.1295314128467737e-09,2.019411216939001e-05
1938,2.0250250080217874e-05,3.430040029783754e-09,1.0021955725620607e-09,2.0250250080217874e-05
1939,2.0631837157582466e-05,3.399013673696264e-09,1.056986744161849e-09,2.0631837157582466e-05
1940,2.0970461264369078e-05,3.1324477932161342e-09,1.0237829393768193e-09,2.0970461264369078e-05
1941,2.12115854602806e-05,3.0068973660186363e-09,1.0718042961091863e-09,2.12115854602806e-05
1942,2.1311608829169666e-05,3.0249607263499456e-09,9.492131445933337e-10,2.1311608829169666e-05
1943,2.1560814275289886e-05,3.1221236707068556e-09,9.318869564900467e-10,2.1560814275289886e-05
1944,2.178344714463622e-05,3.2509730780410403e-09,9.265606139484208e-10,2.178344714463622e-05
1945,2.206362244448558e-05,3.4254979805073813e-09,1.0242629839523382e-09,2.206362244448558e-05
1946,2.179868274002469e-05,3.714155522820712e-09,9.5763934877218e-10,2.179868274002469e-05
1947,2.1686261659072314e-05,3.726197889924216e-09,9.611288431798926e-10,2.1686261659072314e-05
1948,2.1572439436567947e-05,3.911019317927509e-09,8.916359872657154e-10,2.1572439436567947e-05
1949,2.164612383889367e-05,4.183632805267377e-09,9.11046944234479e-10,2.164612383889367e-05
1950,2.1536167748438728e-05,4.184205553465452e-09,8.962334763218394e-10,2.1536167748438728e-05
1951,2.128469584152169e-05,4.0191044143560765e-09,8.437574845159596e-10,2.128469584152169e-05
1952,2.100057229524412e-05,3.7100504890474895e-09,7.941333543140924e-10,2.100057229524412e-05
1953,2.0986904668721502e-05,3.6155154108692092e-09,8.525959620848361e-10,2.0986904668721502e-05
1954,2.0811103500558863e-05,3.4424679932040394e-09,8.652997207647672e-10,2.0811103500558863e-05
1955,2.0710457517582525e-05,3.264301337172323e-09,9.273479920476494e-10,2.0710457517582525e-05
1956,2.0475070154394155e-05,2.8874272813997746e-09,9.295168999580637e-10,2.0475070154394155e-05
1957,2.0365671714119215e-05,2.77509846848188e-09,1.036287888833698e-09,2.0365671714119215e-05
1958,2.0385627846865517e-05,2.7593451333375795e-09,1.0917168042594889e-09,2.0385627846865517e-05
1959,2.047735974234196e-05,2.840316172734804e-09,1.115580334459005e-09,2.047735974234196e-05
1960,2.0500618120422587e-05,2.735497955137183e-09,1.0273165096386094e-09,2.0500618120422587e-05
1961,2.0500373596275623e-05,2.5766737156627885e-09,9.722014939127023e-10,2.0500373596275623e-05
1962,2.0454530126049315e-05,2.554208892010682e-09,9.029637593194195e-10,2.0454530126049315e-05
1963,2.0580729012311038e-05,2.532445190058955e-09,9.402134150602949e-10,2.0580729012311038e-05
1964,2.0631845992673853e-05,2.2842676163291132e-09,8.77948824751229e-10,2.0631845992673853e-05
1965,2.0683565058529245e-05,2.0933646403621863e-09,7.937459737103073e-10,2.0683565058529245e-05
1966,2.0613572165270204e-05,2.1024780170821244e-09,7.449390231657154e-10,2.0613572165270204e-05
1967,2.055754703178536e-05,2.087561980422338e-09,8.246699037936115e-10,2.055754703178536e-05
1968,2.0497793749590138e-05,2.1322053329291587e-09,8.940431014562275e-10,2.0497793749590138e-05
1969,2.0402659044650916e-05,2.012620292646261e-09,9.136245331704223e-10,2.0402659044650916e-05
1970,2.0090988462990416e-05,2.1771908085911816e-09,8.428579183800927e-10,2.0090988462990416e-05
1971,1.9851700666809586e-05,2.3015704263075675e-09,7.79353423066961e-10,1.9851700666809586e-05
1972,1.953787354328337e-05,2.2804707963278557e-09,7.783963315180894e-10,1.953787354328337e-05
1973,1.9230066235260373e-05,2.35132380232983e-09,7.125330325763457e-10,1.9230066235260373e-05
1974,1.912457966162557e-05,2.3525408922507397e-09,7.183704028460422e-10,1.912457966162557e-05
1975,1.8944239335334195e-05,2.3522170243341277e-09,7.049236511973739e-10,1.8944239335334195e-05
1976,1.8777632119183962e-05,2.4436094100569304e-09,7.687874464019323e-10,1.8777632119183962e-05
1977,1.8767129014512257e-05,2.344472489162237e-09,8.095149312785971e-10,1.8767129014512257e-05
1978,1.8645273874946205e-05,2.3567971383999163e-09,8.15552157553055e-10,1.8645273874946205e-05
1979,1.8673364008593906e-05,2.2915663493756303e-09,8.02882502545391e-10,1.8673364008593906e-05
1980,1.8697368692041243e-05,2.1069640318164116e-09,9.170967517148552e-10,1.8697368692041243e-05
1981,1.8536719445754507e-05,1.9518899512555824e-09,8.625169824392844e-10,1.8536719445754507e-05
1982,1.853354219097777e-05,1.9564077659493607e-09,8.128954216107027e-10,1.853354219097777e-05
1983,1.8503235488814035e-05,1.8014045810588186e-09,8.162897699052049e-10,1.8503235488814035e-05
1984,1.8484807307166712e-05,1.7970994850965587e-09,7.540225348862911e-10,1.8484807307166712e-05
1985,1.8537565275827156e-05,1.7085009597548962e-09,6.822621277459615e-10,1.8537565275827156e-05
1986,1.8429182091495022e-05,1.735729052551197e-09,7.359051027286004e-10,1.8429182091495022e-05
1987,1.8389741463969195e-05,1.912007837770854e-09,6.359076876183423e-10,1.8389741463969195e-05
1988,1.8442573231628296e-05,2.076807472027399e-09,6.14362588580164e-10,1.8442573231628296e-05
1989,1.839827460311686e-05,2.1661643431361963e-09,6.976174677613451e-10,1.839827460311686e-05
1990,1.8407043171464466e-05,2.2444200307804506e-09,6.094845144450594e-10,1.8407043171464466e-05
1991,1.8305557854806205e-05,2.323281963637466e-09,5.893140539051497e-10,1.8305557854806205e-05
1992,1.8196717064711265e-05,2.319092568774701e-09,5.895742981122863e-10,1.8196717064711265e-05
1993,1.827627420425415e-05,2.5558225218753297e-09,5.305682916821399e-10,1.827627420425415e-05
1994,1.838731155398169e-05,2.4866027491045527e-09,5.348593750437963e-10,1.838731155398169e-05
1995,1.848102900631992e-05,2.5183616303436906e-09,5.36348001726036e-10,1.848102900631992e-05
1996,1.8619187747909954e-05,2.5106673089731704e-09,4.0085796190350974e-10,1.8619187747909954e-05
1997,1.8900436771218665e-05,2.6721883911966823e-09,4.0421857131330997e-10,1.8900436771218665e-05
1998,1.9174114121207303e-05,2.827713571232745e-09,3.9290041854909777e-10,1.9174114121207303e-05
1999,1.963444940754146e-05,3.0306504290272026e-09,3.908108479690396e-10,1.963444940754146e-05
2000,1.983955527456211e-05,3.0626511802824196e-09,3.9639669721250724e-10,1.983955527456211e-05
2001,2.005466194532346e-05,3.2662830218299632e-09,3.929876860439155e-10,2.005466194532346e-05
2002,2.0198620404698886e-05,3.4161119012919373e-09,3.7743335837677906e-10,2.0198620404698886e-05
2003,2.0436211863333093e-05,3.4351661198123954e-09,4.10691143791299e-10,2.0436211863333093e-05
2004,2.0489532939141748e-05,3.349114541251197e-09,3.877857439921988e-10,2.0489532939141748e-05
2005,2.0691612007794902e-05,3.282987500899789e-09,3.878991730995754e-10,2.0691612007794902e-05
2006,2.0837785996263847e-05,3.3220592625988435e-09,3.751159779622323e-10,2.0837785996263847e-05
2007,2.113374024962208e-05,3.493957028461685e-09,3.3410073715537235e-10,2.113374024962208e-05
2008,2.1372991925870467e-05,3.82353561510586e-09,2.847155348785689e-10,2.1372991925870467e-05
2009,2.143988967873156e-05,3.8801886465782735e-09,2.571419446420872e-10,2.143988967873156e-05
2010,2.1605219704464878e-05,4.16259880532875e-09,1.8386377960818593e-10,2.1605219704464878e-05
2011,2.2026568071201575e-05,4.439494169109334e-09,1.6206099978853328e-10,2.2026568071201575e-05
2012,2.235993893659075e-05,4.560573252376798e-09,1.379605598908088e-10,2.235993893659075e-05
2013,2.242369581446318e-05,4.874097823760946e-09,1.0728557898227148e-10,2.242369581446318e-05
2014,2.2613157593046447e-05,5.1545391447202096e-09,9.118409574031855e-11,2.2613157593046447e-05
2015,2.2802063800294752e-05,5.068399985422697e-09,6.486828856804611e-11,2.2802063800294752e-05
2016,2.3147054369993774e-05,5.072088526958396e-09,5.664186505739886e-11,2.3147054369993774e-05
2017,2.3303480399287462e-05,5.1245854226777965e-09,6.130596377773578e-11,2.3303480399287462e-05
2018,2.3255919586517848e-05,5.246092005251057e-09,4.7569732875007986e-11,2.3255919586517848e-05
2019,2.3197256268758792e-05,5.511002876268378e-09,4.0772664758326194e-11,2.3197256268758792e-05
