ngram,egg,eg,eggg
1500,3.239450734326965e-07,2.3390674641632359e-07,0.0
1501,2.591560587461572e-07,1.8712539713305886e-07,0.0
1502,2.1596338228846435e-07,1.5593783094421573e-07,0.0
1503,1.8511147053296944e-07,1.336609979521849e-07,0.0
1504,1.8511147053296944e-07,0.0,0.0
1505,0.0,0.0,0.0
1506,0.0,0.0,0.0
1507,0.0,0.0,0.0
1508,0.0,0.0,0.0
1509,0.0,0.0,0.0
1510,0.0,0.0,0.0
1511,0.0,0.0,0.0
1512,0.0,0.0,0.0
1513,0.0,0.0,0.0
1514,0.0,0.0,0.0
1515,0.0,0.0,0.0
1516,0.0,0.0,0.0
1517,5.312767825671472e-07,0.0,0.0
1518,5.312767825671472e-07,0.0,0.0
1519,5.312767825671472e-07,0.0,0.0
1520,2.616656534623222e-06,0.0,0.0
1521,2.616656534623222e-06,0.0,0.0
1522,5.790413394736658e-06,0.0,0.0
1523,6.406458396668313e-06,0.0,0.0
1524,5.875181614101166e-06,0.0,0.0
1525,5.875181614101166e-06,0.0,0.0
1526,5.875181614101166e-06,3.81389691028744e-06,0.0
1527,3.7898018620450913e-06,3.81389691028744e-06,0.0
1528,4.835034295475842e-06,3.81389691028744e-06,0.0
1529,1.6612774353624055e-06,3.81389691028744e-06,0.0
1530,1.0452324334307508e-06,4.542845415146855e-06,0.0
1531,1.0452324334307508e-06,4.542845415146855e-06,0.0
1532,1.0452324334307508e-06,4.542845415146855e-06,0.0
1533,1.0452324334307508e-06,7.289485048594153e-07,0.0
1534,1.0452324334307508e-06,7.289485048594153e-07,0.0
1535,0.0,7.289485048594153e-07,0.0
1536,0.0,7.289485048594153e-07,0.0
1537,0.0,0.0,0.0
1538,0.0,0.0,0.0
1539,0.0,0.0,0.0
1540,0.0,0.0,0.0
1541,0.0,0.0,0.0
1542,0.0,0.0,0.0
1543,0.0,0.0,0.0
1544,1.391049246584381e-07,0.0,0.0
1545,1.391049246584381e-07,0.0,0.0
1546,1.391049246584381e-07,0.0,0.0
1547,1.391049246584381e-07,0.0,0.0
1548,4.3634686010461466e-07,0.0,0.0
1549,4.3634686010461466e-07,0.0,0.0
1550,4.3634686010461466e-07,0.0,0.0
1551,2.972419354461765e-07,0.0,0.0
1552,1.018352934676971e-06,0.0,0.0
1553,1.018352934676971e-06,0.0,0.0
1554,1.018352934676971e-06,0.0,0.0
1555,7.211109992307943e-07,0.0,0.0
1556,7.211109992307943e-07,2.0817525572575894e-06,0.0
1557,7.211109992307943e-07,2.0817525572575894e-06,0.0
1558,7.211109992307943e-07,2.0817525572575894e-06,0.0
1559,1.7192232917295769e-06,2.0817525572575894e-06,0.0
1560,1.7192232917295769e-06,2.0817525572575894e-06,0.0
1561,1.7192232917295769e-06,2.0817525572575894e-06,0.0
1562,1.7192232917295769e-06,2.0817525572575894e-06,0.0
1563,1.7192232917295769e-06,0.0,0.0
1564,1.7192232917295769e-06,0.0,0.0
1565,1.7192232917295769e-06,0.0,0.0
1566,0.0,0.0,0.0
1567,0.0,1.3647946356546266e-06,0.0
1568,0.0,1.3647946356546266e-06,0.0
1569,0.0,1.3647946356546266e-06,0.0
1570,0.0,1.3647946356546266e-06,0.0
1571,0.0,1.3647946356546266e-06,0.0
1572,0.0,1.3647946356546266e-06,0.0
1573,0.0,2.623203986981285e-06,0.0
1574,0.0,1.2584093513266583e-06,0.0
1575,0.0,2.5156889803059e-06,0.0
1576,0.0,2.5156889803059e-06,0.0
1577,0.0,2.5156889803059e-06,0.0
1578,0.0,2.5156889803059e-06,0.0
1579,2.5870192205599907e-06,2.5156889803059e-06,0.0
1580,2.5870192205599907e-06,1.2572796289792417e-06,0.0
1581,2.5870192205599907e-06,1.2572796289792417e-06,0.0
1582,2.5870192205599907e-06,0.0,0.0
1583,2.8273305230998502e-06,0.0,0.0
1584,2.8273305230998502e-06,0.0,0.0
1585,3.0160486111136767e-06,1.887180880138268e-07,0.0
1586,1.8668170826328736e-06,1.887180880138268e-07,0.0
1587,1.8668170826328736e-06,1.887180880138268e-07,0.0
1588,2.536322897737721e-06,1.887180880138268e-07,0.0
1589,2.536322897737721e-06,1.887180880138268e-07,0.0
1590,2.2960115951978618e-06,1.887180880138268e-07,0.0
1591,2.2960115951978618e-06,1.887180880138268e-07,0.0
1592,2.107293507184035e-06,0.0,0.0
1593,8.927825417361288e-07,2.2327672663128135e-07,0.0
1594,8.927825417361288e-07,2.2327672663128135e-07,0.0
1595,2.2327672663128135e-07,2.2327672663128135e-07,0.0
1596,4.336949522049898e-07,2.2327672663128135e-07,0.0
1597,4.336949522049898e-07,2.2327672663128135e-07,0.0
1598,4.336949522049898e-07,2.2327672663128135e-07,0.0
1599,4.336949522049898e-07,3.4118787490504996e-07,0.0
1600,2.1041822557370843e-07,2.244172329873046e-07,0.0
1601,6.01065949012991e-07,2.244172329873046e-07,0.0
1602,8.098673853445299e-07,6.420201056503824e-07,0.0
1603,5.994491597708215e-07,6.420201056503824e-07,0.0
1604,7.697194795192835e-07,8.122904253988443e-07,0.0
1605,7.697194795192835e-07,8.122904253988443e-07,0.0
1606,3.7326835321696957e-06,8.545394913588617e-07,0.0
1607,3.7326835321696957e-06,7.480334066453256e-07,0.0
1608,3.5417134053464646e-06,7.480334066453256e-07,0.0
1609,3.3329119690149256e-06,3.304305339822479e-07,0.0
1610,3.460360233020765e-06,4.5787879798808717e-07,0.0
1611,3.3925021918029027e-06,2.876084782396252e-07,0.0
1612,3.3925021918029027e-06,5.56609206471746e-07,0.0
1613,7.491591012304915e-07,5.562594732769607e-07,0.0
1614,1.078768848726343e-06,5.562594732769607e-07,0.0
1615,8.790912521102914e-07,5.562594732769607e-07,0.0
1616,8.790912521102914e-07,9.166840056553025e-07,0.0
1617,7.516429881044522e-07,7.892357416494633e-07,0.0
1618,6.492307095738527e-07,7.892357416494633e-07,0.0
1619,6.492307095738527e-07,6.327695132313238e-07,0.0
1620,6.318264890329114e-07,6.744368598836965e-07,0.0
1621,3.022167415370599e-07,6.744368598836965e-07,0.0
1622,3.022167415370599e-07,6.744368598836965e-07,0.0
1623,3.022167415370599e-07,3.140123275053546e-07,0.0
1624,4.5154893411693463e-07,3.140123275053546e-07,0.0
1625,4.5154893411693463e-07,7.29335779072114e-07,0.0
1626,6.811707505351348e-07,8.464230956763328e-07,0.0
1627,5.387253492829456e-07,6.449452679849596e-07,0.0
1628,9.973067400486407e-07,6.449452679849596e-07,0.0
1629,9.973067400486407e-07,6.449452679849596e-07,0.0
1630,9.973067400486407e-07,6.449452679849596e-07,0.0
1631,9.046545333798608e-07,6.449452679849596e-07,0.0
1632,9.962806676152728e-07,3.212479506536121e-07,0.0
1633,7.666588511970726e-07,9.162613423541188e-08,0.0
1634,6.068875109122018e-07,9.162613423541188e-08,0.0
1635,3.952652605221374e-07,3.385852746110426e-07,0.0
1636,4.821096695195592e-07,4.2542968360846446e-07,0.0
1637,4.821096695195592e-07,4.985898109615456e-07,0.0
1638,4.2542968360846446e-07,5.659248480632024e-07,0.0
1639,1.501856940779232e-06,4.742987138277905e-07,0.0
1640,1.501856940779232e-06,4.742987138277905e-07,0.0
1641,1.501856940779232e-06,4.742987138277905e-07,0.0
1642,1.470797469340011e-06,2.2733957345215978e-07,0.0
1643,1.3839530603425892e-06,1.4049516445473792e-07,0.0
1644,1.5672759933035455e-06,6.733503710165678e-08,0.0
1645,1.616392824286907e-06,4.9116830983361326e-08,0.0
1646,4.483394328807273e-07,4.9116830983361326e-08,0.0
1647,4.483394328807273e-07,4.9116830983361326e-08,0.0
1648,4.941886686538055e-07,9.496606675643956e-08,0.0
1649,5.912000996691599e-07,1.7319384174438062e-07,0.0
1650,1.3817625829558113e-06,2.610341149582902e-07,0.0
1651,2.187441534065978e-06,4.330344397983156e-07,0.0
1652,2.528024473187023e-06,3.839176088149543e-07,0.0
1653,3.5079095823675743e-06,9.115480647129257e-07,0.0
1654,3.7153255172078e-06,9.115480647129257e-07,0.0
1655,4.947743280224261e-06,9.238018736011457e-07,5.81030446612983e-08
1656,4.7254468427126994e-06,8.908814298333059e-07,5.81030446612983e-08
1657,3.962688791960188e-06,8.030411566193964e-07,5.81030446612983e-08
1658,3.1881494452688585e-06,6.31040831779371e-07,5.81030446612983e-08
1659,2.862784045630308e-06,6.31040831779371e-07,5.81030446612983e-08
1660,1.8828989364497569e-06,1.0341037588139962e-07,5.81030446612983e-08
1661,1.809853819574008e-06,5.065228216543411e-07,5.81030446612983e-08
1662,8.563856986094314e-07,4.890196367211632e-07,0.0
1663,8.97160993369133e-07,4.437123055010618e-07,0.0
1664,1.1444774413251122e-06,4.83015286688117e-07,0.0
1665,9.741065209059992e-07,4.83015286688117e-07,0.0
1666,1.2293593312863647e-06,5.229636842938947e-07,0.0
1667,1.7161440553081775e-06,5.229636842938947e-07,0.0
1668,1.9755521886314194e-06,1.636044544284232e-07,0.0
1669,1.6507533108064569e-06,2.1286686952797546e-07,0.0
1670,1.635310854096263e-06,2.1286686952797546e-07,0.0
1671,1.4775205556816218e-06,2.1267408101266483e-07,0.0
1672,1.531831344436796e-06,2.6187528387059243e-07,0.0
1673,1.335958513339262e-06,2.4666975662057666e-07,0.0
1674,1.2070095424730556e-06,4.0932237612066403e-07,0.0
1675,1.0191415883907342e-06,3.65569160213194e-07,0.0
1676,1.1909276297826312e-06,3.186533957334957e-07,0.0
1677,1.3100835190016369e-06,3.522395936832774e-07,0.0
1678,1.3321829409765736e-06,3.7288511529303445e-07,0.0
1679,1.3029958430316974e-06,3.928992202060856e-07,0.0
1680,1.3240969240411817e-06,3.862582786950952e-07,0.0
1681,3.315725052743801e-06,3.35484892437827e-07,0.0
1682,3.3315854222694597e-06,3.7580695837797453e-07,0.0
1683,3.3363372072666867e-06,3.7699490462728136e-07,0.0
1684,3.1304553971267524e-06,3.7263028624628145e-07,0.0
1685,3.01123122475084e-06,3.7349206901840913e-07,0.0
1686,3.0525327434004012e-06,3.8716438106283544e-07,0.0
1687,3.0313175776492633e-06,5.750629047237712e-07,0.0
1688,8.216284308153783e-07,4.6318367148095216e-07,0.0
1689,6.314282338897621e-07,4.860039451516838e-07,0.0
1690,4.964309892687067e-07,4.834100703224717e-07,0.0
1691,5.406075648092415e-07,5.520527029797709e-07,0.0
1692,6.387419517750459e-07,5.151032504662518e-07,0.0
1693,5.909275131443792e-07,5.576204062305936e-07,0.0
1694,4.673272481373455e-07,3.7600550431956694e-07,0.0
1695,3.895797269543826e-07,4.2252591470059997e-07,0.0
1696,4.2099234016339846e-07,3.751295208433346e-07,0.0
1697,4.308812801160197e-07,3.409360138968103e-07,0.0
1698,9.071604795605838e-07,2.8455688396076896e-07,0.0
1699,7.88820260920277e-07,2.8702792016182297e-07,0.0
1700,8.171028460830192e-07,2.136145553777169e-07,0.0
1701,8.461031240715653e-07,2.3756280143061304e-07,0.0
1702,7.84075910230188e-07,2.509681889608016e-07,0.0
1703,7.873393883528479e-07,2.3522224320718772e-07,0.0
1704,8.13865767668176e-07,2.625222350616241e-07,0.0
1705,3.099774354658231e-07,2.3935276211821996e-07,0.0
1706,3.321282012588459e-07,2.5751521296310133e-07,0.0
1707,2.7760058734267137e-07,2.298287081917546e-07,0.0
1708,2.582461766970872e-07,2.2972424622886528e-07,0.0
1709,2.943212271994915e-07,2.65998577577063e-07,0.0
1710,4.00224195118426e-07,3.348586708235806e-07,0.0
1711,3.222682940824078e-07,3.195962615823841e-07,0.0
1712,3.090695323797783e-07,4.2077826784796865e-07,0.0
1713,3.085547969508947e-07,4.1974879699020154e-07,0.0
1714,4.5395803332277343e-07,4.2415872160615565e-07,0.0
1715,4.556345193204184e-07,3.985740936026819e-07,0.0
1716,4.72689217799273e-07,3.3779379699743526e-07,0.0
1717,4.1516007241528185e-07,2.994993256574422e-07,0.0
1718,6.628962785677166e-07,3.1882344891138406e-07,0.0
1719,6.500606305946479e-07,2.5858967335677464e-07,0.0
1720,9.727474708906162e-07,2.4250099629950584e-07,0.0
1721,8.609673400883366e-07,2.3130628181076774e-07,0.0
1722,2.155607138628771e-06,2.6275468201220065e-07,0.0
1723,2.30008302740511e-06,2.643859054225166e-07,0.0
1724,2.326364013681216e-06,2.6904580100303323e-07,0.0
1725,2.3580400088414014e-06,2.5974883247467264e-07,0.0
1726,2.376610382270883e-06,2.771349646276836e-07,0.0
1727,2.3265242816705722e-06,3.731204693784613e-07,0.0
1728,2.4767488509626545e-06,3.944777111947977e-07,0.0
1729,1.266366349942213e-06,3.84988441380431e-07,0.0
1730,1.371540528387933e-06,3.888535746097789e-07,0.0
1731,1.3490730290348957e-06,4.999295859826296e-07,0.0
1732,1.770615475444564e-06,5.018103926041866e-07,0.0
1733,1.8517115693482213e-06,4.813585771249304e-07,0.0
1734,1.903310809276653e-06,3.9432180999808354e-07,0.0
1735,1.8123442941941903e-06,4.2658063697282547e-07,0.0
1736,2.521564096826166e-06,3.985137746147822e-07,0.0
1737,2.779436182923486e-06,3.922057264357396e-07,0.0
1738,2.748870672673677e-06,2.678714626621773e-07,0.0
1739,2.655328298065537e-06,2.656570927683788e-07,0.0
1740,2.8279110811776524e-06,2.6935716489008753e-07,0.0
1741,2.64843289089965e-06,2.80755849806675e-07,0.0
1742,2.7678118905376844e-06,3.818087098547299e-07,0.0
1743,2.386793767072959e-06,3.8453452231936224e-07,0.0
1744,2.138626086889417e-06,4.258154068078771e-07,0.0
1745,2.4673210288840764e-06,5.237680876949266e-07,0.0
1746,2.5916713671644435e-06,5.345136559396581e-07,0.0
1747,4.820113531422976e-06,5.078886411118739e-07,0.0
1748,4.901257479364826e-06,4.858359566079733e-07,0.0
1749,5.2769052802302345e-06,4.226630799004332e-07,0.0
1750,5.539260070820871e-06,4.132964873195176e-07,0.0
1751,5.7443009414523005e-06,3.659605707996759e-07,0.0
1752,5.807263538112498e-06,3.045194775706607e-07,0.0
1753,6.418338021571149e-06,3.149891826735386e-07,0.0
1754,4.617551829661741e-06,2.9845224349043876e-07,0.0
1755,4.986579304906107e-06,3.076538937258582e-07,0.0
1756,5.166613651194244e-06,2.5631166725556144e-07,0.0
1757,5.3331120527998015e-06,2.738215810284471e-07,0.0
1758,5.135668191412281e-06,2.6702156523989675e-07,0.0
1759,5.028372632815652e-06,2.3289427681610115e-07,0.0
1760,4.116676986346387e-06,2.118757913243436e-07,0.0
1761,4.398997004630344e-06,2.3954859581668385e-07,0.0
1762,4.587242399013901e-06,2.2632948010985793e-07,0.0
1763,4.265417406453967e-06,2.083969811954895e-07,0.0
1764,4.2503653990674394e-06,2.147190290965487e-07,0.0
1765,5.0326148734062115e-06,2.401244704027964e-07,0.0
1766,5.486839524694785e-06,2.6338763754145997e-07,0.0
1767,5.700544046963582e-06,2.547241178620295e-07,0.0
1768,6.074539247232938e-06,2.961458400412604e-07,0.0
1769,6.186688779052929e-06,3.081940401930946e-07,0.0
1770,6.793858444455379e-06,3.2899394852847763e-07,0.0
1771,7.314720083481266e-06,3.4265338147828774e-07,0.0
1772,7.406534483119945e-06,4.562958326102619e-07,0.0
1773,7.454658121527505e-06,4.4501377414819997e-07,0.0
1774,7.3229250899333105e-06,4.537993508587793e-07,0.0
1775,6.900217483364811e-06,4.199649542410303e-07,0.0
1776,6.775305207286562e-06,4.244292719184679e-07,0.0
1777,7.013273716438562e-06,4.193308760542485e-07,0.0
1778,6.681071616705074e-06,4.025358667344595e-07,0.0
1779,5.92241307068824e-06,2.8784522295869207e-07,0.0
1780,5.722037030864158e-06,2.844005138058492e-07,0.0
1781,6.052344003494779e-06,2.7604110641732404e-07,0.0
1782,6.801843840418899e-06,2.477841698172207e-07,0.0
1783,7.3341627739864634e-06,2.5330297554709044e-07,0.0
1784,7.4761788125345315e-06,2.39471822689146e-07,0.0
1785,7.360939662248711e-06,2.3153295712420784e-07,0.0
1786,7.9640292694551e-06,2.2428546588214105e-07,0.0
1787,8.647292166382872e-06,2.1460205143089946e-07,0.0
1788,9.252838546152426e-06,2.236150627205851e-07,0.0
1789,8.711129339644685e-06,2.3012359966807188e-07,0.0
1790,8.175660241249716e-06,2.2309161806788325e-07,0.0
1791,7.659409740361817e-06,2.2709039829546134e-07,0.0
1792,7.57004467491892e-06,2.2511366231421042e-07,0.0
1793,8.656346186139022e-06,2.0991534199765738e-07,0.0
1794,8.849749584831962e-06,2.3661006918830806e-07,0.0
1795,8.923207912760387e-06,2.3669735225796883e-07,0.0
1796,8.924595931603108e-06,2.6807985063572103e-07,0.0
1797,9.630144956775308e-06,2.6053295901614805e-07,0.0
1798,1.1753962683412413e-05,2.519564036772083e-07,0.0
1799,1.188334311206875e-05,2.667248293976497e-07,0.0
1800,1.084566981392397e-05,3.1016151475731543e-07,0.0
1801,1.040039485035647e-05,2.9508777288356214e-07,0.0
1802,1.0092222834958062e-05,3.0358707598614796e-07,0.0
1803,1.0054731644361579e-05,2.760035674295328e-07,0.0
1804,9.95849125372063e-06,2.949876350807504e-07,0.0
1805,7.917568057434568e-06,2.9976168645719425e-07,0.0
1806,8.67970272468353e-06,3.470523170433028e-07,0.0
1807,9.060603653259542e-06,3.192846926529975e-07,0.0
1808,8.911760362804802e-06,3.2188190500294566e-07,0.0
1809,8.95801089687406e-06,3.1707756217461534e-07,0.0
1810,8.812467772908608e-06,3.2705397196813077e-07,0.0
1811,8.190576993781309e-06,3.260335838766488e-07,2.343839408272938e-10
1812,8.014747371427283e-06,3.5631540080365607e-07,4.730922003355025e-10
1813,7.681369879719568e-06,3.094655543886152e-07,4.730922003355025e-10
1814,7.096739604354038e-06,2.931173587025374e-07,4.730922003355025e-10
1815,7.667151878974567e-06,2.8659712622162e-07,4.730922003355025e-10
1816,7.607399246418416e-06,2.8395251052058613e-07,4.730922003355025e-10
1817,7.407104866225771e-06,2.6288968107175084e-07,6.444397713879977e-10
1818,7.56377598268695e-06,2.400035664810015e-07,5.890906968580062e-10
1819,8.021341272979043e-06,2.1916509800640987e-07,5.006798785091502e-10
1820,7.869529716637252e-06,2.3324647153393536e-07,5.006798785091502e-10
1821,8.101905677904142e-06,2.409855426321883e-07,5.006798785091502e-10
1822,7.561788866691391e-06,2.4239817264515295e-07,6.25448780068792e-10
1823,7.290059134642693e-06,2.65428476658209e-07,6.25448780068792e-10
1824,7.463998567150806e-06,2.69694264635031e-07,4.5410120901629673e-10
1825,7.500046259727762e-06,2.7026725238751427e-07,2.7506634271899447e-10
1826,7.3056565789946556e-06,2.472184072692991e-07,1.2476890155964171e-10
1827,7.3912040404268605e-06,2.2966773371990712e-07,1.2476890155964171e-10
1828,7.44495400795131e-06,2.1803023741995275e-07,1.2476890155964171e-10
1829,7.449477249922763e-06,2.1031108994001052e-07,0.0
1830,7.7586530876163e-06,1.8010920501053208e-07,9.530454203598993e-11
1831,7.8903271969466e-06,1.7443440266820938e-07,9.530454203598993e-11
1832,8.255620806656744e-06,1.7081751073939294e-07,9.530454203598993e-11
1833,8.237852918162908e-06,1.7205966733919403e-07,9.530454203598993e-11
1834,8.102135130424618e-06,1.653914389570283e-07,9.530454203598993e-11
1835,8.069307308947568e-06,1.6758545281650834e-07,1.7908794288804383e-10
1836,8.137901399355282e-06,1.6408164680927128e-07,1.7908794288804383e-10
1837,7.963130233942398e-06,1.588831659254148e-07,1.6122481127922583e-10
1838,7.922764520377054e-06,1.6343501028716544e-07,2.375505585889519e-10
1839,7.694654154225386e-06,1.7401332083214323e-07,3.1333199527036216e-10
1840,7.65076155013438e-06,1.6618616882624337e-07,3.1333199527036216e-10
1841,7.561609696235142e-06,1.6185065833594437e-07,3.8330960627774857e-10
1842,7.5485234966825895e-06,1.747479529967677e-07,2.9952620542569465e-10
1843,7.53892891225405e-06,1.7581995288245317e-07,2.9952620542569465e-10
1844,7.790925402722288e-06,1.7810507253151237e-07,2.2208479499852274e-10
1845,7.867771468487003e-06,1.730911175660107e-07,1.4575904768879663e-10
1846,8.048129464961156e-06,1.6224093712935428e-07,6.997761100738638e-11
1847,8.257028314671646e-06,1.7068366072895254e-07,1.9118854118918956e-10
1848,8.541867568315606e-06,1.832862445943257e-07,1.7589860520520314e-10
1849,8.685358937197765e-06,1.888752235247791e-07,2.2963814183540876e-10
1850,8.83150577075347e-06,2.065382846337473e-07,3.245779597474804e-10
1851,8.810373791285591e-06,2.237849230368738e-07,3.710065548429802e-10
1852,9.090274163879388e-06,2.3277960638422102e-07,4.215681256461831e-10
1853,9.125702620492251e-06,2.483474759173987e-07,5.180868075819031e-10
1854,9.35045903003941e-06,2.5762811414356944e-07,3.968758774000999e-10
1855,9.293301965434303e-06,2.5784352024922033e-07,3.4218820237669993e-10
1856,9.708527613838669e-06,2.550521713828857e-07,2.8844866574649433e-10
1857,9.850231565776215e-06,2.4728231348295336e-07,2.897773013607211e-10
1858,1.010317191685317e-05,2.452225069354037e-07,3.5855573272363424e-10
1859,1.033886733888981e-05,2.55229910603053e-07,3.6892355043909626e-10
1860,1.0463400680496956e-05,2.5393739682450747e-07,2.7240486850337627e-10
1861,1.0518189940609903e-05,2.492227833629711e-07,3.288915489158788e-10
1862,1.0801481948874425e-05,2.5951054080256395e-07,3.288915489158788e-10
1863,1.0643539488747983e-05,2.547577021719657e-07,5.198430733496398e-10
1864,1.075126900624517e-05,2.603293113777129e-07,5.648599841835886e-10
1865,1.065144104878917e-05,2.6384299392897705e-07,4.938795087180584e-10
1866,1.0676672250805755e-05,2.69893379010812e-07,5.214293600072243e-10
1867,1.0847656345244364e-05,2.775073966176933e-07,8.671290193821132e-10
1868,1.0984134600481152e-05,2.8424225766749647e-07,9.002657349757978e-10
1869,1.0946419414332403e-05,2.7392556692770344e-07,9.398516211321451e-10
1870,1.1185837008399955e-05,2.8529052542580757e-07,7.911365570592973e-10
1871,1.1546782713724366e-05,2.9079387786623556e-07,6.904272550504028e-10
1872,1.186427627024906e-05,2.942759392356363e-07,8.509592633717692e-10
1873,1.188300809319896e-05,2.8956131359336723e-07,8.014887761412634e-10
1874,1.1908284510095005e-05,2.9126819965443117e-07,4.955298314536703e-10
1875,1.2283978061792108e-05,2.975636610764403e-07,5.262515264828746e-10
1876,1.2544839851865877e-05,3.173328886012834e-07,5.24997624738534e-10
1877,1.2777714800904505e-05,3.249141075554819e-07,6.225678544120277e-10
1878,1.2883039094698948e-05,3.3192811851482216e-07,6.908478749385288e-10
1879,1.2962151231477037e-05,3.397210710837888e-07,6.60658389106672e-10
1880,1.338961478073283e-05,3.5268835014384034e-07,6.545363199851804e-10
1881,1.3815567269505533e-05,3.6053199080145403e-07,7.094923953898657e-10
1882,1.3929746663572068e-05,3.6674005546696466e-07,6.21556883343263e-10
1883,1.396511756216309e-05,3.65385484916e-07,6.795927808595741e-10
1884,1.3891679632901546e-05,3.7389556999707043e-07,6.618297199960971e-10
1885,1.4010773156769574e-05,3.8635241545697294e-07,6.690667484329385e-10
1886,1.4508321328321472e-05,3.908093861225227e-07,7.979724440744716e-10
1887,1.4758978587841349e-05,3.971819069192861e-07,8.479876681796331e-10
1888,1.4993525707853092e-05,4.0558047739328427e-07,8.613022477772197e-10
1889,1.5054256956708351e-05,4.042669112485393e-07,1.0644307181704805e-09
1890,1.552843670132071e-05,4.086412397035539e-07,1.0945412830056155e-09
1891,1.5945447947680285e-05,4.014522647009601e-07,1.0493128112441597e-09
1892,1.6275001274022672e-05,3.9574709782235526e-07,9.781628641990027e-10
1893,1.6524008970009163e-05,3.9200773471748107e-07,7.438731178651839e-10
1894,1.6616399079794064e-05,3.929429591867769e-07,7.051547560151964e-10
1895,1.6855249019239898e-05,3.8493418433712835e-07,7.241706321904826e-10
1896,1.7104734329872633e-05,3.7856658455634064e-07,5.467738603151925e-10
1897,1.7468540006250676e-05,3.804637052391107e-07,4.946024344056253e-10
1898,1.7482446180240784e-05,3.871926545733524e-07,5.079781159203886e-10
1899,1.7697827518402066e-05,3.897265880173758e-07,5.54104484518092e-10
1900,1.7646581129935968e-05,3.990448525265882e-07,5.029900662645304e-10
1901,1.782854061665213e-05,3.864391382129335e-07,4.759432074642942e-10
1902,1.8374615527656196e-05,3.9752169251577083e-07,4.177891227419295e-10
1903,1.8713714650532764e-05,4.0608910012451815e-07,4.3934357144400794e-10
1904,1.879694666838207e-05,3.9734616815881705e-07,3.967440304857612e-10
1905,1.934234621460616e-05,3.878163852277794e-07,4.132812306664338e-10
1906,1.977101133629081e-05,3.783736904746807e-07,4.773615590116163e-10
1907,2.0231580752546767e-05,3.679485100097476e-07,5.032414762684567e-10
1908,2.0661761871971457e-05,3.7433987033961914e-07,5.410026058091536e-10
1909,2.0970470099460465e-05,3.5887600802197994e-07,5.134724728739215e-10
1910,2.1203095457167365e-05,3.5667243228739866e-07,5.164200832836435e-10
1911,2.1839797357513036e-05,3.6231298037949144e-07,5.685801987961473e-10
1912,2.2491858024815364e-05,3.5439554072321957e-07,5.195085909078959e-10
1913,2.3101087208488025e-05,3.4914444719496327e-07,4.0725248570286764e-10
1914,2.359601759443259e-05,3.531205144164622e-07,4.3638440876720656e-10
1915,2.3805214108766188e-05,3.461022036585096e-07,4.4524148257174545e-10
1916,2.364466568646354e-05,3.4889937085478907e-07,5.243133546376352e-10
1917,2.3865471770737452e-05,3.465727616003278e-07,5.394301592710957e-10
1918,2.378226963628549e-05,3.3792525755416136e-07,4.843230419889924e-10
1919,2.363502582219163e-05,3.460863727663569e-07,4.976953412886128e-10
1920,2.3832483358481632e-05,3.4728745796590896e-07,5.94011514579559e-10
1921,2.423359754694892e-05,3.6891669148125014e-07,6.614871111183212e-10
1922,2.459227159436393e-05,3.6454730028318796e-07,6.943374050319814e-10
1923,2.5170474795491566e-05,3.570373386147756e-07,6.230293939487755e-10
1924,2.5752699002623558e-05,3.489437006010121e-07,5.74112313245223e-10
1925,2.619886254251469e-05,3.5250868433779813e-07,6.833828820289917e-10
1926,2.6569732913880477e-05,3.5745305889836996e-07,7.728148914460625e-10
1927,2.6756704236114664e-05,3.5537611406003376e-07,7.018200941035144e-10
1928,2.7035478914123295e-05,3.179941927555774e-07,6.524999984769408e-10
1929,2.7439218424011153e-05,3.1541320514146977e-07,6.317522061038972e-10
1930,2.7907810103248005e-05,3.191061028116694e-07,6.643274938092755e-10
1931,2.862561216586203e-05,3.1971253682578596e-07,7.728824960980976e-10
1932,2.8755512175848708e-05,3.279990283187674e-07,6.821379413704928e-10
1933,2.8941567506990395e-05,3.30205332537454e-07,6.838473200408503e-10
1934,2.889518769474567e-05,3.392099106999272e-07,7.279715639820137e-10
1935,2.8708768046012017e-05,3.495638419995625e-07,7.256229506147349e-10
1936,2.8857663502484293e-05,3.5023348995569646e-07,7.335152881918613e-10
1937,2.88520246353333e-05,3.472967762263579e-07,7.416027791862234e-10
1938,2.8231089215426308e-05,3.7408339283371917e-07,7.799749734971329e-10
1939,2.8520901001424397e-05,3.6883969301015895e-07,8.073705592970271e-10
1940,2.840491392167418e-05,3.612788767830872e-07,6.70993703060547e-10
1941,2.855739980337343e-05,3.694157645181154e-07,6.138114679231168e-10
1942,2.8279141718355406e-05,3.741494936093659e-07,6.743704146692866e-10
1943,2.7767701924728628e-05,3.8061671148170717e-07,6.549806629602933e-10
1944,2.711159764398222e-05,3.9569747757793395e-07,6.600676096971522e-10
1945,2.6545478249317966e-05,3.8999331763989176e-07,5.769138718335145e-10
1946,2.595883935490357e-05,3.9590303150102303e-07,5.849723146354537e-10
1947,2.563609658474369e-05,3.985344432879044e-07,6.088499783705816e-10
1948,2.5078118466938448e-05,3.975003478119886e-07,6.562928375356389e-10
1949,2.5163185325384673e-05,4.011846093427656e-07,5.238507207381917e-10
1950,2.5055076808452475e-05,4.157414943100386e-07,5.440906177981272e-10
1951,2.4905696201520705e-05,4.4051382376762505e-07,4.988812973838463e-10
1952,2.5093267270546805e-05,4.3493229538528665e-07,6.058400725539315e-10
1953,2.4840528307582383e-05,4.505533419368086e-07,5.387887883861226e-10
1954,2.4593161080182263e-05,4.707899360515252e-07,5.616976457369281e-10
1955,2.441775541228708e-05,4.892196443506691e-07,4.880861498698533e-10
1956,2.3856449323440237e-05,4.964235894736444e-07,5.518880223852132e-10
1957,2.3470967270051396e-05,5.064105193598932e-07,5.310067772395272e-10
1958,2.3105631303873713e-05,4.983242831713142e-07,6.003775641321469e-10
1959,2.2521498457146144e-05,5.242409234337433e-07,3.920962086757994e-10
1960,2.2074584973909494e-05,5.610682316208633e-07,3.975826939498336e-10
1961,2.161202818180235e-05,6.099671736592427e-07,3.362584793942247e-10
1962,2.0912170709509936e-05,6.288415111807158e-07,3.378752436563762e-10
1963,2.0231160046283287e-05,6.880975027862795e-07,2.768749217991433e-10
1964,1.9451678391695687e-05,7.462448365913588e-07,2.311429123499512e-10
1965,1.8912468866411863e-05,8.254920008507074e-07,1.2975499444741904e-10
1966,1.822164943275441e-05,9.006185531948827e-07,1.2725412687883012e-10
1967,1.7644882193833056e-05,1.030327812908841e-06,1.5030179977599493e-10
1968,1.727234121062793e-05,1.1880365734993705e-06,1.833289393309607e-10
1969,1.7004652233611394e-05,1.4378451364141905e-06,1.6170055671433607e-10
1970,1.6825437601905185e-05,1.6448194141308444e-06,1.7697087941906783e-10
1971,1.683239159839494e-05,1.8585293446449214e-06,1.6793515982589062e-10
1972,1.6646793613160427e-05,2.0937045844350777e-06,1.5900044178110814e-10
1973,1.6786506811123608e-05,2.3493520789738146e-06,2.327483364769226e-10
1974,1.6844315073935183e-05,2.5384925785536846e-06,2.3740996073812985e-10
1975,1.675577576471759e-05,2.772200722184997e-06,2.17455751818006e-10
1976,1.667555469404241e-05,2.893377151329852e-06,2.6473388263305505e-10
1977,1.667747918483136e-05,3.166927724253453e-06,2.938671339999413e-10
1978,1.670098988272782e-05,3.3906583537048263e-06,3.4203573306967883e-10
1979,1.666712757599141e-05,3.666757655602331e-06,3.495956896986436e-10
1980,1.6606201565342156e-05,3.847172755350974e-06,3.297493429104443e-10
1981,1.6619927399525685e-05,3.9897201661785535e-06,3.647921092182165e-10
1982,1.6742198567953892e-05,4.21986000479332e-06,3.701095898010566e-10
1983,1.6767716910440606e-05,4.360997731315105e-06,4.100871507452451e-10
1984,1.667577115378143e-05,4.5395410909675e-06,3.899794257363912e-10
1985,1.6573845641687512e-05,4.721194467752607e-06,4.196688274671345e-10
1986,1.652855904207432e-05,4.684654348758548e-06,4.724989724877052e-10
1987,1.6274819634937948e-05,4.78676344885441e-06,4.63304093502513e-10
1988,1.6029032719546065e-05,4.849031743755664e-06,4.556218180518101e-10
1989,1.5596629184853684e-05,4.77491838475024e-06,5.12451989572885e-10
1990,1.5347840807018137e-05,4.854509370488813e-06,4.894514991717256e-10
1991,1.514230890669361e-05,4.704422735812841e-06,5.307484253678853e-10
1992,1.4906293992161019e-05,4.708021346492128e-06,5.075629876711523e-10
1993,1.4662130914595245e-05,4.999529794856374e-06,4.964496750200656e-10
1994,1.4606565595646056e-05,4.992134043797185e-06,5.274906265752475e-10
1995,1.4521613853243512e-05,5.209570125381495e-06,4.959550349768551e-10
1996,1.4534279606388217e-05,5.37660058138759e-06,4.5359315906498155e-10
1997,1.4449324226006866e-05,5.337378037698467e-06,4.1487621671443264e-10
1998,1.4342960379768296e-05,5.4623088934541945e-06,3.525868783446232e-10
1999,1.4193903682878175e-05,5.4919169737591545e-06,3.106563914842145e-10
2000,1.4210361249362385e-05,5.525324013433419e-06,2.6826144480399504e-10
2001,1.4132981959846802e-05,5.646475593883744e-06,2.1414513416497171e-10
2002,1.4087802810536232e-05,5.517122644960182e-06,1.962779859278539e-10
2003,1.3983971257403027e-05,5.354614326539117e-06,2.811171454350106e-10
2004,1.3975320533583207e-05,5.365366567795198e-06,2.6678818479794076e-10
2005,1.420175937840083e-05,5.181867501440658e-06,2.6852000186864243e-10
2006,1.4602054371997447e-05,4.9588048308838296e-06,2.622667420539214e-10
2007,1.5152569695991197e-05,4.505181193183359e-06,2.8425958412522535e-10
2008,1.58931230284257e-05,4.271206275266845e-06,2.6970844208789353e-10
2009,1.6556531071338603e-05,4.347048648664245e-06,2.4701435118576077e-10
2010,1.714027257548878e-05,4.256727054650712e-06,1.2624870816427666e-10
2011,1.7579209400407437e-05,4.1558462271495955e-06,1.0606252409078071e-10
2012,1.783943922159129e-05,4.0753796903507985e-06,9.723912969471029e-11
2013,1.7753932947276292e-05,4.320315968340895e-06,8.715043542979156e-11
2014,1.730795819249969e-05,4.684206585027693e-06,4.958030588269364e-11
2015,1.6844904296574115e-05,4.743049073242998e-06,3.370706665173362e-11
2016,1.655171256840861e-05,4.417183780398253e-06,2.955838748367309e-11
2017,1.635389905156141e-05,4.473291483009234e-06,2.4932361152492828e-11
2018,1.620057755644666e-05,4.584458929457469e-06,2.991883338299139e-11
2019,1.5948669670251547e-05,4.86591324033725e-06,9.36428972558856e-12
