ngram,fruit,frit,friut,fuit
1500,1.133807700171019e-06,8.098626835817413e-08,0.0,8.098626835817413e-08
1501,9.070461601368152e-07,6.47890146865393e-08,0.0,6.47890146865393e-08
1502,2.3372695068246685e-06,5.3990845572116086e-08,0.0,9.325451439205305e-07
1503,2.003373862992573e-06,4.627786763324236e-08,0.0,7.993244090747404e-07
1504,2.003373862992573e-06,4.627786763324236e-08,0.0,7.993244090747404e-07
1505,1.6711475966855817e-06,0.0,0.0,7.53046541441498e-07
1506,1.6711475966855817e-06,0.0,0.0,8.355470137238236e-06
1507,1.6711475966855817e-06,0.0,0.0,8.355470137238236e-06
1508,1.6711475966855817e-06,0.0,0.0,8.355470137238236e-06
1509,3.156638480764481e-07,0.0,0.0,7.602423595796738e-06
1510,3.156638480764481e-07,0.0,0.0,7.602423595796738e-06
1511,3.156638480764481e-07,0.0,0.0,7.602423595796738e-06
1512,0.0,0.0,0.0,7.602423595796738e-06
1513,0.0,0.0,0.0,0.0
1514,2.8566114451678004e-07,0.0,0.0,2.8566114451678004e-07
1515,2.8566114451678004e-07,0.0,0.0,2.8566114451678004e-07
1516,2.8566114451678004e-07,0.0,0.0,2.8566114451678004e-07
1517,1.3482147096510744e-06,0.0,0.0,2.8566114451678004e-07
1518,1.3482147096510744e-06,0.0,0.0,2.8566114451678004e-07
1519,1.3482147096510744e-06,0.0,0.0,2.8566114451678004e-07
1520,9.987645203831822e-06,0.0,0.0,8.814839215379575e-07
1521,9.701984059315042e-06,0.0,0.0,5.958227770211774e-07
1522,5.413458166003693e-05,0.0,0.0,5.958227770211774e-07
1523,5.844689673852242e-05,0.0,0.0,5.958227770211774e-07
1524,5.944902126689807e-05,0.0,0.0,5.958227770211774e-07
1525,5.944902126689807e-05,0.0,0.0,5.958227770211774e-07
1526,5.944902126689807e-05,0.0,0.0,5.958227770211774e-07
1527,5.080959077271733e-05,0.0,0.0,0.0
1528,5.080959077271733e-05,0.0,0.0,0.0
1529,6.376993171995439e-06,0.0,0.0,0.0
1530,2.064678093509948e-06,0.0,0.0,0.0
1531,5.744848229889092e-06,0.0,0.0,0.0
1532,7.999431285757705e-06,4.509165916845502e-07,0.0,0.0
1533,7.999431285757705e-06,4.509165916845502e-07,0.0,0.0
1534,7.999431285757705e-06,4.509165916845502e-07,0.0,2.8089413847607958e-06
1535,9.505469539102965e-06,4.509165916845502e-07,0.0,3.5619605114334263e-06
1536,9.505469539102965e-06,4.509165916845502e-07,0.0,3.5619605114334263e-06
1537,9.505469539102965e-06,4.509165916845502e-07,0.0,3.5619605114334263e-06
1538,3.7606213092138726e-06,4.509165916845502e-07,0.0,3.5619605114334263e-06
1539,1.5060382533452606e-06,0.0,0.0,3.5619605114334263e-06
1540,1.5060382533452606e-06,0.0,0.0,3.5619605114334263e-06
1541,1.5060382533452606e-06,0.0,0.0,7.530191266726303e-07
1542,0.0,0.0,0.0,3.009292673336209e-06
1543,0.0,0.0,0.0,3.009292673336209e-06
1544,6.955246395331674e-07,0.0,0.0,3.148397597994647e-06
1545,2.5709653397955534e-06,0.0,0.0,3.148397597994647e-06
1546,3.1303777307454894e-06,0.0,0.0,3.148397597994647e-06
1547,3.1303777307454894e-06,0.0,0.0,3.148397597994647e-06
1548,3.427619666191666e-06,0.0,0.0,3.148397597994647e-06
1549,5.852935146322125e-06,0.0,0.0,1.391049246584381e-07
1550,7.473972248460216e-06,0.0,0.0,1.391049246584381e-07
1551,9.139644752005032e-06,0.0,0.0,0.0
1552,2.384975670923138e-05,0.0,0.0,7.211109992307943e-07
1553,2.3290344318281442e-05,0.0,0.0,7.211109992307943e-07
1554,4.18035486485938e-05,0.0,0.0,7.211109992307943e-07
1555,4.330926172510122e-05,0.0,0.0,7.211109992307943e-07
1556,4.088394624497076e-05,0.0,0.0,7.211109992307943e-07
1557,4.8607917311268724e-05,0.0,0.0,7.211109992307943e-07
1558,4.897491479433873e-05,0.0,0.0,7.211109992307943e-07
1559,4.6143148470686614e-05,0.0,0.0,0.0
1560,4.748921920898803e-05,0.0,0.0,0.0
1561,2.8976014878675676e-05,0.0,0.0,0.0
1562,4.139477654721954e-05,0.0,0.0,0.0
1563,4.139477654721954e-05,0.0,0.0,0.0
1564,3.841141512696465e-05,0.0,0.0,0.0
1565,4.2765824738515743e-05,0.0,0.0,1.011800642507816e-06
1566,3.091570891098984e-05,0.0,0.0,2.915471148818532e-06
1567,3.0252035490515743e-05,0.0,0.0,4.280265784473158e-06
1568,3.3193116840785865e-05,0.0,0.0,4.280265784473158e-06
1569,2.1199516140768537e-05,0.0,0.0,4.280265784473158e-06
1570,2.1199516140768537e-05,0.0,0.0,4.280265784473158e-06
1571,2.2193424423936188e-05,0.0,0.0,4.280265784473158e-06
1572,1.8230585023307606e-05,0.0,0.0,3.2684651419653425e-06
1573,1.6326914516996893e-05,0.0,0.0,1.3647946356546266e-06
1574,1.7278651804580087e-05,5.447115459641541e-07,0.0,0.0
1575,1.4337570454309961e-05,5.447115459641541e-07,0.0,8.800957792638136e-06
1576,1.3010815369593079e-05,5.447115459641541e-07,0.0,8.800957792638136e-06
1577,1.5562291277352154e-05,5.447115459641541e-07,0.0,8.800957792638136e-06
1578,8.447649357939163e-06,5.447115459641541e-07,0.0,8.800957792638136e-06
1579,9.855168286776461e-06,5.447115459641541e-07,0.0,8.800957792638136e-06
1580,1.0845629130277043e-05,5.447115459641541e-07,0.0,9.791418636138718e-06
1581,9.804801899398236e-06,0.0,0.0,1.1571340824697732e-05
1582,1.4413597179035215e-05,0.0,0.0,2.7703830320595964e-06
1583,1.7597528491413478e-05,0.0,0.0,3.491316939679174e-06
1584,1.864249892540621e-05,0.0,0.0,3.491316939679174e-06
1585,2.02887666611267e-05,0.0,0.0,3.868753115706827e-06
1586,1.791816443333768e-05,0.0,0.0,3.868753115706827e-06
1587,1.7619862709190265e-05,0.0,0.0,2.878292272206246e-06
1588,1.702655533465856e-05,0.0,0.0,1.0983700836472314e-06
1589,1.5592110165536205e-05,0.0,0.0,1.2850965569149203e-06
1590,1.4886501308605407e-05,0.0,0.0,8.241382991920026e-07
1591,1.2622722221879354e-05,0.0,0.0,8.241382991920026e-07
1592,1.3720400342468306e-05,0.0,0.0,4.46702123164349e-07
1593,1.2903379164137213e-05,0.0,0.0,6.699788497956303e-07
1594,1.4390430676160446e-05,0.0,0.0,1.0052420163577023e-06
1595,1.889840145200391e-05,0.0,0.0,1.4560391069348303e-06
1596,2.0353252563966506e-05,0.0,0.0,1.4797308592408496e-06
1597,2.956402659037849e-05,0.0,0.0,1.2197552093441897e-06
1598,2.916027155411679e-05,1.769356653572426e-07,0.0,1.3966908747014323e-06
1599,2.9594835918292768e-05,2.9484681363101117e-07,0.0,1.5146020229752009e-06
1600,3.176987625660591e-05,4.0135289834454723e-07,0.0,1.6108435504845277e-06
1601,3.5841029200258034e-05,4.0135289834454723e-07,0.0,1.2755803839224557e-06
1602,3.8536708091539496e-05,4.0135289834454723e-07,0.0,9.291840115110972e-07
1603,3.844071794186935e-05,8.134630076840819e-07,0.0,7.187657859373888e-07
1604,2.7382693393259876e-05,8.134630076840819e-07,0.0,1.2295767289417978e-06
1605,3.466167410286809e-05,6.365273423268394e-07,0.0,1.9521361959310265e-06
1606,5.230331875541846e-05,5.186161940530707e-07,0.0,1.9143051547741507e-06
1607,5.401409751876989e-05,4.121101093395347e-07,0.0,2.341283975835852e-06
1608,5.9345034709882126e-05,4.121101093395347e-07,0.0,2.341283975835852e-06
1609,6.138641011992669e-05,4.121101093395347e-07,0.0,3.368927155276781e-06
1610,6.118644003955913e-05,1.2744826400583926e-07,0.0,4.8983062908648985e-06
1611,6.252155097692074e-05,1.2744826400583926e-07,0.0,7.255039114235322e-06
1612,6.588068962238529e-05,3.9644899223796007e-07,0.0,6.624544710120972e-06
1613,5.089242014426938e-05,1.19550141367394e-06,0.0,7.982758883632154e-06
1614,5.159991607277854e-05,1.19550141367394e-06,0.0,8.225091083399353e-06
1615,4.839936679802902e-05,1.19550141367394e-06,0.0,1.4320183124384909e-05
1616,5.717556866459615e-05,1.19550141367394e-06,0.0,1.4629837356291578e-05
1617,6.630833325159204e-05,1.1915944842907526e-06,0.0,1.3223999555326113e-05
1618,6.994028080953285e-05,1.2900716228614328e-06,0.0,1.0750364343234001e-05
1619,6.793868150063125e-05,1.021070894629312e-06,0.0,1.1606708564418763e-05
1620,6.478731146281851e-05,4.2349630088470545e-07,0.0,1.339205952685266e-05
1621,6.831048969096238e-05,4.2349630088470545e-07,0.0,1.329532021340388e-05
1622,6.977851496360797e-05,4.2349630088470545e-07,0.0,9.66242236342753e-06
1623,5.8762057181281436e-05,4.2349630088470545e-07,0.0,8.220724233914162e-06
1624,4.992534949061727e-05,2.999549662620536e-07,0.0,9.142508231109656e-06
1625,5.297829764978295e-05,2.0147782769137329e-07,0.0,9.99456999904526e-06
1626,4.9153410925230544e-05,2.0147782769137329e-07,0.0,9.098846866046578e-06
1627,5.981254590941327e-05,0.0,0.0,7.472914993351358e-06
1628,6.136234566968466e-05,6.55116260921724e-08,0.0,1.1690731623405424e-05
1629,5.861109249443481e-05,2.3057031382580006e-07,0.0,1.0383948197808682e-05
1630,6.126621104028475e-05,2.3057031382580006e-07,0.0,1.1505185219513286e-05
1631,6.740610998739223e-05,2.3057031382580006e-07,0.0,1.108333974895816e-05
1632,6.655815325627503e-05,3.2219644806121194e-07,0.0,1.1486639842977248e-05
1633,6.698678355730538e-05,5.96382043178372e-07,0.0,1.3039224346097658e-05
1634,6.130498253956571e-05,7.19800206232841e-07,0.0,1.2922528899902577e-05
1635,6.783312866381104e-05,1.0658871636743633e-06,0.0,8.224220891861478e-06
1636,6.950689047308905e-05,9.008284759407356e-07,0.0,7.850409799305322e-06
1637,6.950413912168838e-05,9.008284759407356e-07,0.0,8.338695546886551e-06
1638,7.193260950901146e-05,9.681635130423923e-07,0.0,9.398591633466172e-06
1639,6.88347832432815e-05,8.765373788069805e-07,0.0,1.047477930374693e-05
1640,6.708635399783296e-05,8.079678934791445e-07,0.0,8.898189093997644e-06
1641,6.468202367873996e-05,6.845497304246757e-07,0.0,8.074114134615229e-06
1642,6.323244919518142e-05,3.8090098135918584e-07,0.0,8.202264731543047e-06
1643,6.475792231088105e-05,5.61545874688818e-07,0.0,7.962599754916613e-06
1644,6.536687007090742e-05,7.448688076497742e-07,0.0,1.2219410840381378e-05
1645,6.356430770080936e-05,9.722347402073086e-07,0.0,1.1174553703442922e-05
1646,6.72255851636042e-05,9.722347402073086e-07,0.0,1.0060910182931235e-05
1647,7.071230044987584e-05,7.666186304179843e-07,0.0,1.1832159543700982e-05
1648,7.461696181313268e-05,8.583171019641409e-07,0.0,1.2688241310700374e-05
1649,6.729394746279078e-05,9.06822817471818e-07,0.0,1.3713047662479636e-05
1650,6.652785876732585e-05,9.01858470570005e-07,0.0,1.4005595533360196e-05
1651,6.847379803990148e-05,7.615356188190552e-07,0.0,1.239626960471339e-05
1652,6.72108872095123e-05,5.781774429384054e-07,0.0,1.3761921114304901e-05
1653,6.548053092306613e-05,6.535532211923314e-07,0.0,1.3280743197745843e-05
1654,7.648940092102359e-05,6.950364073483277e-07,0.0,1.2465406923313691e-05
1655,7.865281336957455e-05,7.776470779065546e-07,0.0,1.3392710051058592e-05
1656,7.605309968182285e-05,6.664988591507739e-07,0.0,1.4773131104967823e-05
1657,7.856174904320921e-05,6.020360428595138e-07,0.0,1.5801545487192925e-05
1658,8.17910279563096e-05,6.662672303394044e-07,0.0,1.2724081508557511e-05
1659,7.712725554093984e-05,5.549244365608632e-07,0.0,1.181359545755965e-05
1660,7.664506015966513e-05,4.79548658306937e-07,0.0,1.4771873663578714e-05
1661,6.243170667273392e-05,4.3806547215094073e-07,0.0,1.4282198532912713e-05
1662,5.574118404183537e-05,2.6375633004655743e-07,0.0,1.3141066184679013e-05
1663,5.3980950594580334e-05,2.1844899882645613e-07,0.0,1.1181514245046336e-05
1664,4.976292465081704e-05,1.0723126868989701e-07,0.0,1.0458403721713694e-05
1665,3.970079965906085e-05,0.0,0.0,1.0116600476197033e-05
1666,4.258159294425111e-05,0.0,0.0,1.0780645685112436e-05
1667,4.253591084437046e-05,9.73569496766556e-08,0.0,7.76265726796867e-06
1668,4.579601798988213e-05,1.8486338149159565e-07,0.0,8.447152920000787e-06
1669,4.7154486050463417e-05,1.8486338149159565e-07,0.0,8.675616170096743e-06
1670,4.820245521841571e-05,2.6216171785823204e-07,0.0,8.617771527497098e-06
1671,4.6443241964360436e-05,3.4038210320172115e-07,0.0,9.277053972514945e-06
1672,5.065829931741713e-05,5.125863172647119e-07,0.0,9.029727737340312e-06
1673,4.792571624940527e-05,5.373291876204738e-07,0.0,8.38542739854477e-06
1674,5.0740234395821714e-05,5.05033286555902e-07,0.0,9.006088216015737e-06
1675,5.180291399093611e-05,4.1752685474096195e-07,0.0,8.576338002187964e-06
1676,5.592257158631193e-05,5.463663857848847e-07,0.0,8.0364489544341e-06
1677,5.5645313425754595e-05,5.362404453178118e-07,0.0,8.85535122766409e-06
1678,5.474214360999342e-05,4.779386314014898e-07,0.0,7.793269495388294e-06
1679,4.7616588355075305e-05,4.441650328804566e-07,0.0,8.0565105236019e-06
1680,4.62901137195461e-05,5.099318108087963e-07,0.0,7.3594257433537024e-06
1681,4.1768971381575935e-05,5.567499954395316e-07,2.237584746061267e-08,6.652375792067947e-06
1682,3.6311709014366246e-05,6.373941273198267e-07,2.237584746061267e-08,6.733827928785883e-06
1683,2.8874474082840607e-05,5.08554596275904e-07,2.237584746061267e-08,8.305856778991125e-06
1684,2.674124386560704e-05,4.998253595139041e-07,2.237584746061267e-08,7.699016058333135e-06
1685,2.3340241049092064e-05,5.001126197612393e-07,2.237584746061267e-08,7.628821387178115e-06
1686,2.694998706179571e-05,3.893112108244168e-07,2.237584746061267e-08,7.6040420741004965e-06
1687,2.7191839892891168e-05,3.400016522294079e-07,2.237584746061267e-08,8.094099679770547e-06
1688,2.5476315386185888e-05,2.747139973280355e-07,0.0,7.85502762872576e-06
1689,2.5128071943722068e-05,2.2564103525317997e-07,0.0,7.888824581771456e-06
1690,2.472840307226371e-05,3.2949249170347426e-07,0.0,5.806742722467918e-06
1691,2.5016741996556186e-05,3.444474876752273e-07,0.0,5.498946978020415e-06
1692,2.7448078461540198e-05,3.2424165600072487e-07,0.0,5.423855652354957e-06
1693,2.4473421165436904e-05,3.593148371854633e-07,0.0,6.225241577340057e-06
1694,2.1892255192921895e-05,3.425002980910514e-07,0.0,6.196719433709015e-06
1695,2.0320588191680145e-05,3.8894954051167066e-07,0.0,6.025005924519584e-06
1696,2.1194274787766127e-05,3.8887026221345877e-07,0.0,5.50277354705031e-06
1697,2.3317073880337246e-05,3.5114248118718804e-07,0.0,5.399757648254828e-06
1698,2.286253259496464e-05,3.39971949512931e-07,0.0,5.335385887000095e-06
1699,1.999331236999881e-05,3.9225011099525933e-07,0.0,5.331814041450603e-06
1700,1.8982198525918648e-05,3.685412813021165e-07,0.0,4.0264982479649395e-06
1701,1.8384700784476342e-05,4.0215628668452806e-07,0.0,3.477288243759956e-06
1702,1.7854976119581677e-05,3.690412638336836e-07,1.1985159785256525e-08,3.2391209775336653e-06
1703,1.5571788675775417e-05,3.706730028950135e-07,1.1985159785256525e-08,3.2274004167577786e-06
1704,1.2390961273922585e-05,3.651816931388956e-07,1.1985159785256525e-08,3.1298761444174616e-06
1705,1.1661045651375648e-05,3.3042748473885044e-07,1.1985159785256525e-08,2.719556472844228e-06
1706,1.1869424919755797e-05,3.003000890495449e-07,1.1985159785256525e-08,2.408311762077834e-06
1707,1.1198607613290992e-05,3.0991634300140246e-07,1.1985159785256525e-08,2.375024320956852e-06
1708,1.0954536004906654e-05,3.4837445639368525e-07,1.1985159785256525e-08,2.461126801530814e-06
1709,1.2294254962138698e-05,3.365487231121733e-07,0.0,2.3540176243841415e-06
1710,1.318625514353958e-05,3.3785513916687447e-07,0.0,2.3797877020115266e-06
1711,1.320431225134858e-05,4.226077103502186e-07,0.0,2.277073089576983e-06
1712,1.2842986767022272e-05,4.7117823547588547e-07,0.0,2.1263236931190477e-06
1713,1.4354446258429171e-05,4.5984548486493235e-07,0.0,2.130707490063547e-06
1714,1.5622231720564222e-05,4.495221150234231e-07,0.0,2.020909213180338e-06
1715,1.586031703482149e-05,4.88931689801575e-07,0.0,2.025063979869758e-06
1716,1.46903153758363e-05,5.205262445835095e-07,0.0,2.053382461651511e-06
1717,1.408894318696444e-05,5.472274417732998e-07,0.0,1.9858424756031515e-06
1718,1.4218252804961854e-05,4.405512856107764e-07,0.0,2.755874821299845e-06
1719,1.3180742371332599e-05,4.237711855077058e-07,0.0,2.760185712499411e-06
1720,1.205277807717461e-05,4.854421961551582e-07,0.0,3.2853577717365364e-06
1721,1.0580803778533923e-05,4.909560443268544e-07,0.0,3.725461299706824e-06
1722,1.2618126740043018e-05,4.1690849375949514e-07,0.0,3.63882046323332e-06
1723,1.3469371034651495e-05,3.8044010709979504e-07,0.0,4.5800108929532664e-06
1724,1.3516741156698636e-05,3.486634625460283e-07,0.0,4.483753091985168e-06
1725,1.3377435282434038e-05,3.2466058793748485e-07,0.0,4.473083874602578e-06
1726,1.4913681687695706e-05,2.97334239007796e-07,0.0,4.594517901880733e-06
1727,1.640945603347583e-05,2.522160765952971e-07,0.0,4.410764631757047e-06
1728,1.709679859881622e-05,2.4081358722989013e-07,0.0,4.274767499217498e-06
1729,1.6668712955184412e-05,1.9173684709780252e-07,0.0,4.407635580199505e-06
1730,1.6853876721662736e-05,1.7306032873420918e-07,1.636647592054682e-08,3.8806768835846535e-06
1731,1.634927061136945e-05,1.5067246904111797e-07,1.636647592054682e-08,3.921846557984411e-06
1732,1.726427191377817e-05,4.11341614738246e-07,1.636647592054682e-08,3.344757357938631e-06
1733,1.6887647689145524e-05,4.145279725824886e-07,2.3391245511967488e-08,3.8064064418514524e-06
1734,1.6928012103432722e-05,4.23289230460406e-07,2.3391245511967488e-08,3.9941111416348055e-06
1735,1.7234710087775185e-05,4.2969298671583343e-07,2.3391245511967488e-08,3.993163610565327e-06
1736,1.6212938914707464e-05,4.720722850087051e-07,2.3391245511967488e-08,4.0737295096602925e-06
1737,1.6012440028134733e-05,4.544441988433131e-07,7.024769591420668e-09,3.921826094353621e-06
1738,1.633985162438226e-05,4.6944472436345155e-07,7.024769591420668e-09,4.543249912915469e-06
1739,1.5189360835522945e-05,2.2637883846852803e-07,7.024769591420668e-09,4.654996960847971e-06
1740,1.5891221145076478e-05,2.2120410392290069e-07,0.0,4.572489420492534e-06
1741,1.5514862622824565e-05,2.385441401234597e-07,0.0,4.3443499505104096e-06
1742,2.0841228173854427e-05,2.1887469919030472e-07,0.0,4.796804237880029e-06
1743,2.1718768818703082e-05,2.215398069438379e-07,0.0,4.472606081305587e-06
1744,2.2463426181015427e-05,2.503306615965682e-07,0.0,4.2659682029417515e-06
1745,2.395691938415569e-05,2.5992127713639744e-07,0.0,3.5995781867573636e-06
1746,2.5696045538227607e-05,2.674359283868658e-07,0.0,3.6537829016326995e-06
1747,2.6118335102052826e-05,2.790783314919411e-07,0.0,3.279382748847378e-06
1748,2.5936603768578997e-05,2.6928295580676475e-07,0.0,3.3304436653582215e-06
1749,2.0846458158173065e-05,2.7492724135364757e-07,0.0,3.1015750404809036e-06
1750,2.109201549111666e-05,2.4682746462596175e-07,0.0,3.4837208724119203e-06
1751,2.1828023039103884e-05,2.646520625505998e-07,0.0,3.942170613819533e-06
1752,2.4117286687084872e-05,2.6038431347582704e-07,0.0,4.168684881733498e-06
1753,2.6556965946968247e-05,2.3564855362272802e-07,0.0,4.204255381929605e-06
1754,3.095164148752312e-05,2.3589772268906017e-07,4.184068710547503e-09,4.164432961520756e-06
1755,3.423854702435035e-05,2.1534078748735347e-07,4.184068710547503e-09,4.351874167696224e-06
1756,3.677488088474742e-05,2.5430926545563383e-07,7.2195392521377604e-09,4.162334497388136e-06
1757,4.173781131352631e-05,2.550719153353904e-07,7.2195392521377604e-09,4.055021690874128e-06
1758,4.125517781566097e-05,2.2639551287641423e-07,7.2195392521377604e-09,3.7315799415539786e-06
1759,3.898313246151831e-05,2.4085092016028806e-07,7.2195392521377604e-09,3.5286192801972253e-06
1760,3.762185666086485e-05,2.7366746735424385e-07,7.2195392521377604e-09,3.438761755855272e-06
1761,3.6441570046008565e-05,3.345227729109216e-07,3.035470541590257e-09,3.399820652053417e-06
1762,3.666804098299638e-05,3.7310231196637946e-07,3.035470541590257e-09,3.499191783313498e-06
1763,3.663160818437713e-05,3.405828518257944e-07,0.0,3.4854104049892546e-06
1764,3.668021521921868e-05,3.4104909575814547e-07,2.810679688991513e-09,3.7591815303780355e-06
1765,4.143429863948508e-05,3.662943604305318e-07,5.758088101564291e-09,4.7971831236282014e-06
1766,4.6553285886018004e-05,3.789656558085751e-07,5.758088101564291e-09,5.27482638647468e-06
1767,4.7805167663942226e-05,3.575615709548531e-07,5.758088101564291e-09,5.357047728336641e-06
1768,4.8933636467804066e-05,3.1923867993555177e-07,5.758088101564291e-09,6.676060950537378e-06
1769,4.8641109710193374e-05,2.9714067092559813e-07,5.758088101564291e-09,6.2646606368486705e-06
1770,5.210566502812851e-05,3.293395260633198e-07,5.758088101564291e-09,6.408033901347413e-06
1771,4.987804017478733e-05,3.35279062418132e-07,5.580052229804875e-09,6.161803834662091e-06
1772,4.993516059974874e-05,3.2471434760087246e-07,2.6326438172320975e-09,5.865182921687457e-06
1773,4.649054400423276e-05,3.092253767330736e-07,2.6326438172320975e-09,5.444287450830286e-06
1774,5.071002513951888e-05,3.308291931196956e-07,2.6326438172320975e-09,5.36669150668396e-06
1775,5.0142167830407356e-05,3.0112036191504945e-07,2.6326438172320975e-09,5.16745525861292e-06
1776,5.072821139557553e-05,2.913550503080842e-07,2.6326438172320975e-09,5.168655369353863e-06
1777,4.780178122538408e-05,2.6878347877560114e-07,2.6326438172320975e-09,5.2845272031325815e-06
1778,4.803674320490765e-05,2.680813326248556e-07,0.0,5.84805827332145e-06
1779,4.3204244190876905e-05,2.4903359019390336e-07,2.5616857206906776e-09,5.222756239423429e-06
1780,4.494232702459807e-05,2.688342358883996e-07,2.5616857206906776e-09,5.354271934265853e-06
1781,4.15055772983968e-05,2.494176527534364e-07,2.5616857206906776e-09,5.590789734404618e-06
1782,4.0991515301617e-05,2.557579189702405e-07,2.5616857206906776e-09,4.8301111681731915e-06
1783,4.036833005167344e-05,2.607154385714239e-07,2.5616857206906776e-09,5.074771576931068e-06
1784,4.100931697134261e-05,2.58145592267413e-07,7.555101940884664e-09,5.277300715533784e-06
1785,4.0115364234744834e-05,2.9480623555043296e-07,7.555101940884664e-09,5.0782227195408524e-06
1786,4.089629354504203e-05,3.212161914234457e-07,4.993416220193987e-09,5.3682944910958345e-06
1787,4.091394397879152e-05,3.359687557999028e-07,6.282557839045109e-09,5.364073980932257e-06
1788,4.206189883656667e-05,3.621561899892965e-07,6.282557839045109e-09,5.2842882983635974e-06
1789,4.214960998589439e-05,3.5954335381965006e-07,6.282557839045109e-09,5.295289936059687e-06
1790,4.103120019343416e-05,3.7778249455706306e-07,6.282557839045109e-09,5.057773120954932e-06
1791,4.156668105029634e-05,3.7968038668623194e-07,4.547040458443721e-09,4.638041770834077e-06
1792,4.285899402540443e-05,3.525718820388387e-07,4.547040458443721e-09,4.217645255266689e-06
1793,4.6244311566364816e-05,3.401792127988301e-07,5.533062579538799e-09,3.833349150487006e-06
1794,4.5945584653444325e-05,2.96637706144663e-07,4.243920960687677e-09,3.724742425349957e-06
1795,4.79637055832427e-05,3.257835560686674e-07,6.0704652098715024e-09,3.481298433273748e-06
1796,4.957450697215141e-05,3.46177874429746e-07,7.96678843530328e-09,3.2655209127239815e-06
1797,5.212306340191779e-05,3.3282980536699013e-07,8.533712086184714e-09,3.266620069553028e-06
1798,5.397964456018859e-05,3.319977111004846e-07,5.854469924721733e-09,3.0288744190849163e-06
1799,5.499427996775401e-05,3.2954611534868103e-07,5.854469924721733e-09,2.900957302439825e-06
1800,5.41021534965174e-05,3.2014684084710356e-07,4.868447803626655e-09,2.69672232531905e-06
1801,5.4826939698874154e-05,3.245684670868546e-07,6.261469247854328e-09,2.8580563561523116e-06
1802,5.2897746042747584e-05,2.631220244861002e-07,4.434924998670502e-09,2.881123805309471e-06
1803,5.2837415881055805e-05,2.411910011395386e-07,3.5916016192873356e-09,2.855124470053332e-06
1804,5.388463302681755e-05,2.5184413995508035e-07,3.0246779684059024e-09,2.741184013237736e-06
1805,5.250652092010049e-05,2.4209871948447213e-07,2.9653762937239694e-09,2.876949614411777e-06
1806,5.292008583117942e-05,2.3219627312950512e-07,2.9653762937239694e-09,3.018075777358068e-06
1807,5.429962038761005e-05,2.472552519553314e-07,3.3838187490126917e-09,3.101945237306479e-06
1808,5.355323602478685e-05,2.2842802950760544e-07,2.22616049404069e-09,2.860133365954555e-06
1809,5.2145105395798706e-05,2.2412684229168788e-07,2.22616049404069e-09,2.860727428404581e-06
1810,5.06250533882329e-05,2.0884767439253794e-07,1.391098300044088e-09,2.765223241242763e-06
1811,4.898672029542338e-05,1.7515113930650322e-07,1.625482240871382e-09,2.7067118090989036e-06
1812,4.921453364659101e-05,2.1501200819784572e-07,1.5835437564401138e-09,2.506756995249556e-06
1813,4.715713190047869e-05,2.0454861474458346e-07,1.5835437564401138e-09,2.4498282138145962e-06
1814,4.604654480187621e-05,1.78378333056831e-07,1.3740594376595742e-09,2.421388996611183e-06
1815,4.772960632440767e-05,1.8408984000676094e-07,1.1386962484039032e-09,2.341581583615542e-06
1816,4.9777980685965826e-05,2.0194924843508488e-07,1.1386962484039032e-09,2.2355019544712766e-06
1817,5.125389465579896e-05,1.9802222084308596e-07,9.207585963518941e-10,2.235503351195283e-06
1818,5.247440484319148e-05,2.0268610967377754e-07,6.863746555246004e-10,2.231206540922618e-06
1819,5.373970686507944e-05,1.5080680628086286e-07,2.0895813650818289e-10,2.323382497187205e-06
1820,5.4647329566900483e-05,1.734628877362151e-07,2.0895813650818289e-10,2.249512070713016e-06
1821,5.644839049117374e-05,1.7373221489996077e-07,0.0,2.2067760190631295e-06
1822,5.5200011307273856e-05,1.6171963628559232e-07,0.0,2.2160433153268448e-06
1823,5.452346054620908e-05,1.3612152827136015e-07,1.4046276840064464e-10,2.275103107811966e-06
1824,5.368406190037993e-05,1.2879997005451775e-07,1.4046276840064464e-10,2.330721080007996e-06
1825,5.302214360978853e-05,1.209162020034325e-07,1.4046276840064464e-10,2.2969804181879487e-06
1826,5.2330027496541985e-05,1.226466151495385e-07,2.5896101136473655e-10,2.2707072600626688e-06
1827,5.3837943206807335e-05,9.979278559058002e-08,2.5896101136473655e-10,2.119551725497461e-06
1828,5.425091824560825e-05,1.2435917844706118e-07,4.796196297261548e-10,2.026326910709031e-06
1829,5.391106242313981e-05,1.2890003781811693e-07,5.498939081860499e-10,1.8590865563185486e-06
1830,5.413678185764833e-05,1.3247040239353476e-07,5.047356818213952e-10,1.7051336271833861e-06
1831,5.494711409223133e-05,1.3412657194424226e-07,6.905250022575566e-10,1.5722252036149648e-06
1832,5.581111690844409e-05,1.339033569739253e-07,6.905250022575566e-10,1.4476177057076711e-06
1833,5.474908799182491e-05,1.2712484017843702e-07,5.720267592934647e-10,1.3713858574452128e-06
1834,5.36847577937546e-05,1.1614450556862721e-07,7.381471465807619e-10,1.400511337124044e-06
1835,5.229664956069817e-05,8.325721217212439e-08,5.174885282193437e-10,1.5035588246194363e-06
1836,5.326938844518736e-05,8.126805894903555e-08,5.973366087478179e-10,1.5995787764820437e-06
1837,5.2837243336918096e-05,8.753007715459457e-08,6.569148875661718e-10,1.6766444852172363e-06
1838,5.2369125374493054e-05,9.317791338503412e-08,4.711255671300104e-10,1.6910481040862839e-06
1839,5.19930176129232e-05,1.0112276882523474e-07,6.226884404928309e-10,1.7250147915806987e-06
1840,5.243375198915601e-05,9.833666173416791e-08,6.98274406550427e-10,1.6994004486800155e-06
1841,5.294720904203132e-05,9.838141273072714e-08,6.021316302705162e-10,1.699194984082299e-06
1842,5.279518154566176e-05,1.0769746694450077e-07,7.237625102415482e-10,1.682681808493466e-06
1843,5.215348106243515e-05,1.0443755067106914e-07,7.047892111192563e-10,1.7712725528846413e-06
1844,5.39881397604144e-05,9.408788871821474e-08,5.499063902649124e-10,1.6999776529961049e-06
1845,5.448826466038424e-05,8.746853755578091e-08,1.2172940592033603e-09,1.6914868540750052e-06
1846,5.5179547676483966e-05,7.826086800832854e-08,1.4570541915860856e-09,1.7048728458186296e-06
1847,5.629900936453071e-05,7.990410669630624e-08,1.745101031934228e-09,1.7290582101330593e-06
1848,5.6173840545982656e-05,8.444479553710543e-08,1.6751234209268416e-09,1.7360881981533436e-06
1849,5.6306646521469315e-05,8.26687432160205e-08,1.5534925409558094e-09,1.671171568367364e-06
1850,5.700415567844175e-05,9.417635534906107e-08,1.4698133900457678e-09,1.6013645693289748e-06
1851,5.6298368040838144e-05,1.0101250731103001e-07,1.6555277704277671e-09,1.5849802983731415e-06
1852,5.6990656178511146e-05,1.0339942743290262e-07,1.0387016722925223e-09,1.63171755827664e-06
1853,5.62907823353141e-05,1.0555580282860838e-07,6.956380075148364e-10,1.6226108690326718e-06
1854,5.627935336503599e-05,1.0532288590476518e-07,4.835107869638477e-10,1.619164273896396e-06
1855,5.633306136587635e-05,1.0204639266930826e-07,4.835107869638477e-10,1.6820072070394026e-06
1856,5.728029178239272e-05,9.795084362654702e-08,5.829083961548877e-10,1.6970179785857908e-06
1857,5.8090303355129436e-05,9.173306584183852e-08,7.279753942514487e-10,1.631173209456652e-06
1858,5.744900512841663e-05,8.933796737307733e-08,5.99864527098656e-10,1.6459168169343944e-06
1859,5.784936417642582e-05,9.586306199642941e-08,5.49302956295453e-10,1.6331971437466564e-06
1860,5.8540156585097846e-05,9.964293009748612e-08,6.230340330949855e-10,1.6120660900144555e-06
1861,5.752017126984096e-05,1.0305558260727463e-07,5.845018080652409e-10,1.5715608826992269e-06
1862,5.826521633675189e-05,1.0179170370098031e-07,9.188114356652375e-10,1.4399357074320766e-06
1863,5.743463199386107e-05,1.0261453553539468e-07,9.148895886910782e-10,1.3705327838969034e-06
1864,5.760139902122319e-05,1.0636649250272967e-07,7.69447803091897e-10,1.3241095107982152e-06
1865,5.856423220913192e-05,1.0008992238194228e-07,8.887504938342212e-10,1.2792585429061937e-06
1866,5.8085026726725376e-05,9.157983324062765e-08,9.77229733642052e-10,1.2258547030796763e-06
1867,5.7731196907947636e-05,8.481383925332661e-08,1.5034261534120829e-09,1.1801529516170767e-06
1868,5.874273587583697e-05,8.090546036295823e-08,1.569699584599452e-09,1.169986343744053e-06
1869,5.792588542265419e-05,8.098508581204961e-08,1.3541476115034153e-09,1.1897840132795473e-06
1870,5.8341766686810714e-05,8.335564416483976e-08,1.3853812303692742e-09,1.2608593514024896e-06
1871,5.841443791203866e-05,7.710988520719703e-08,1.3382861089158586e-09,1.2786129478367262e-06
1872,5.8244508961381924e-05,7.994398336969815e-08,1.2432833254979618e-09,1.2763081908165726e-06
1873,5.773653642141393e-05,8.093494484130912e-08,1.2328215908447809e-09,1.2978106432066333e-06
1874,5.675488552826989e-05,8.314248337423383e-08,6.641161826819492e-10,1.3047926391404223e-06
1875,5.6551323983252845e-05,8.551468409580463e-08,6.052144817049663e-10,1.2894677995843397e-06
1876,5.701463305740617e-05,8.3338163798479e-08,8.697766792512393e-10,1.2472319700204286e-06
1877,5.7092894296926844e-05,8.137700798930122e-08,7.780189706771015e-10,1.1927822924917564e-06
1878,5.723923043530833e-05,8.36270116012981e-08,9.231604092274637e-10,1.1696340931978609e-06
1879,5.659466062622544e-05,8.378342235865993e-08,8.761708025772919e-10,1.1657616596494336e-06
1880,5.69204478649356e-05,8.13761908651551e-08,8.968133458076011e-10,1.0921636593203793e-06
1881,5.7951343998346215e-05,7.942666562550065e-08,9.751598893460921e-10,1.0518774534570445e-06
1882,5.8496996643953025e-05,7.841323374740178e-08,9.52043531311984e-10,1.0347288983731623e-06
1883,5.928897111776418e-05,7.794064568348144e-08,8.899499629296973e-10,1.0329028116627472e-06
1884,6.054264408053963e-05,7.851283965822273e-08,1.0380637262473259e-09,1.0330129417265458e-06
1885,6.222669877128542e-05,7.504221599674565e-08,9.799921231655263e-10,1.0237659548043406e-06
1886,6.546934881563564e-05,7.24774429678681e-08,1.0278441589913915e-09,1.0061426922090635e-06
1887,6.71917550789658e-05,7.60205358980264e-08,1.0673539512546476e-09,9.841477565584813e-07
1888,6.981244847078674e-05,7.402690727076333e-08,9.905345036261996e-10,9.939852329158124e-07
1889,7.139834945389469e-05,7.422476195577993e-08,1.521407277937925e-09,1.0011157038596657e-06
1890,7.228199475710946e-05,7.700255163659417e-08,1.2760680686721822e-09,9.680296183692657e-07
1891,7.302184946768518e-05,7.730171753499754e-08,1.374658188866919e-09,9.237230805021162e-07
1892,7.216430510327752e-05,7.67070957863325e-08,1.6920768278591174e-09,8.967997554723947e-07
1893,7.118714919280527e-05,8.004539507412898e-08,1.8399277101899258e-09,8.70739865734192e-07
1894,7.105619234997513e-05,7.80145644593436e-08,1.8564002795302364e-09,8.54574726158067e-07
1895,6.944607282223712e-05,8.748695380843077e-08,2.0294462459753096e-09,8.469003855030419e-07
1896,6.854147587936106e-05,8.342430492445731e-08,1.595148997018165e-09,8.034867846617999e-07
1897,6.812026133827333e-05,8.944174315469614e-08,2.429522932041144e-09,7.847453876560653e-07
1898,6.680526400616924e-05,9.123920412840952e-08,2.7611651060815187e-09,7.551018289372482e-07
1899,6.730585092944758e-05,1.0736069100403256e-07,3.0670190197059e-09,7.29691407741484e-07
1900,6.708383755592098e-05,1.1140722883900317e-07,3.3965910084532425e-09,7.105676900209801e-07
1901,6.642082839139871e-05,1.2054712276007455e-07,3.876006039936288e-09,6.886701921108138e-07
1902,6.75122085210335e-05,1.1411913496723563e-07,4.448429481916451e-09,6.575823395646044e-07
1903,6.784635999273243e-05,1.1984297084869207e-07,5.00376502137507e-09,6.273796446164072e-07
1904,6.860112937699472e-05,1.1757172708420122e-07,4.648384915079922e-09,6.295714781247495e-07
1905,6.91383590622406e-05,1.2011908775580844e-07,4.538233630161212e-09,6.575336085136639e-07
1906,6.896224658703431e-05,1.0701271487992667e-07,4.510550631410735e-09,6.624421189371787e-07
1907,6.895606202306226e-05,1.1733194225728636e-07,4.712170939161606e-09,6.293336290192591e-07
1908,6.96581877751409e-05,1.1157326745043455e-07,4.736887295107652e-09,5.976413522798143e-07
1909,6.863727529499946e-05,1.18204234971537e-07,4.585678789073963e-09,6.080267098695913e-07
1910,6.819333170174755e-05,1.232190172117953e-07,4.497685684207957e-09,5.919458487824159e-07
1911,6.793610061452325e-05,1.298726530762906e-07,5.438443441617226e-09,5.814934890427789e-07
1912,6.761845205411581e-05,1.2805608966865683e-07,5.180336826171583e-09,5.285305186524576e-07
1913,6.68294565652364e-05,1.3016226725020325e-07,4.78363580493278e-09,4.965058784429337e-07
1914,6.618651657065908e-05,1.2124417837964886e-07,4.7088017612091045e-09,4.723388014684003e-07
1915,6.49342624196184e-05,1.2270627434775504e-07,4.464434758385696e-09,4.605327075881048e-07
1916,6.410428665861088e-05,1.2459805986964057e-07,4.617017783965187e-09,3.9094563776741e-07
1917,6.299688331117588e-05,1.355869544892942e-07,4.472603271870363e-09,3.77989654306735e-07
1918,6.153409101118865e-05,1.468288814976404e-07,3.494653233460099e-09,3.4074721457143043e-07
1919,6.0511119435042406e-05,1.5201012359966626e-07,4.016723715543386e-09,3.086022530851551e-07
1920,6.120026695758238e-05,1.5336929339225337e-07,4.798041519649132e-09,3.432615045539933e-07
1921,6.305361447240492e-05,1.5447310732140197e-07,4.588963875562513e-09,3.6162283022024765e-07
1922,6.463809092695425e-05,1.6128107103798227e-07,4.874944638442815e-09,3.8956807811376037e-07
1923,6.57741111353971e-05,1.6094426972098779e-07,4.759142096284157e-09,4.656787991409926e-07
1924,6.765538013756409e-05,1.5880045672085024e-07,4.828526657872447e-09,4.918685111273849e-07
1925,6.93076622805425e-05,1.6708626000243904e-07,4.793946699927736e-09,5.112498797643639e-07
1926,7.119643123587593e-05,1.8645943912685781e-07,4.829140071953881e-09,5.549508159674588e-07
1927,7.17056287352794e-05,2.0296664209646614e-07,4.398538485820122e-09,5.404676081915178e-07
1928,7.031710473321644e-05,2.128898241185847e-07,4.445259335231608e-09,5.567009436292989e-07
1929,6.93679103278555e-05,2.2153826405104026e-07,4.301159301738673e-09,5.574758574766747e-07
1930,6.925320797433545e-05,2.2778413365033755e-07,4.0519750729320745e-09,5.188574212817392e-07
1931,6.849029887234792e-05,2.317307498905003e-07,3.7544214404050535e-09,5.67328892689797e-07
1932,6.772402827794264e-05,2.2274972520465652e-07,3.6968912058605544e-09,5.65396484424647e-07
1933,6.67230217784111e-05,2.1447302093032965e-07,3.635936599418902e-09,5.817597720384324e-07
1934,6.497460500603276e-05,2.269380965052343e-07,3.2688765028154876e-09,6.192376369134373e-07
1935,6.388096413242497e-05,2.63806691285546e-07,3.1664826316557537e-09,6.220209667974684e-07
1936,6.250550567139206e-05,2.8727197941082393e-07,3.1126934680563475e-09,5.964844222359846e-07
1937,6.121618519370844e-05,2.9907161344259035e-07,2.8966943764276364e-09,5.806753011126733e-07
1938,6.000971968335632e-05,2.951815137716299e-07,2.890910526837891e-09,4.904945001271699e-07
1939,5.911613074463925e-05,2.957525810286045e-07,2.81384845582774e-09,4.864926016320428e-07
1940,5.803849697778267e-05,2.93848318376279e-07,2.4851915763386093e-09,4.2315810284370467e-07
1941,5.6885519110697457e-05,2.958012471156378e-07,2.684412787295238e-09,3.5140426137201886e-07
1942,5.5645720359669735e-05,2.6199580206918783e-07,2.884889597051402e-09,3.119812756072601e-07
1943,5.492919496776137e-05,2.4902693951389665e-07,3.068897643946197e-09,3.0167946566247596e-07
1944,5.3497696561472754e-05,2.5302863093656924e-07,3.3721994086022278e-09,2.7906086026112984e-07
1945,5.2713204890356534e-05,2.699755542932637e-07,3.746349896971424e-09,2.8493546113038194e-07
1946,5.160998158057087e-05,2.8064342976514514e-07,4.374171659802885e-09,2.740855588204535e-07
1947,5.0222809867201636e-05,2.901274111114357e-07,4.425074782789449e-09,2.8910026068323144e-07
1948,4.9403771949333274e-05,3.128645634628161e-07,4.349539078114211e-09,2.8750533585610226e-07
1949,4.900758878128337e-05,3.3884461864935087e-07,4.543133742223355e-09,3.1543353072395674e-07
1950,4.828656165045686e-05,3.4887214285715474e-07,4.364226599154872e-09,3.180008353150957e-07
1951,4.748693494808062e-05,3.6040635872528324e-07,4.1119420249710205e-09,3.355131314362682e-07
1952,4.60934783664665e-05,3.676680364606e-07,4.035318365172966e-09,3.5755064686782134e-07
1953,4.4733911636285484e-05,3.71338489100838e-07,3.7179281875410197e-09,3.4839240470319055e-07
1954,4.3325578839617916e-05,3.8185232499797296e-07,3.776907294853313e-09,3.4999295702878695e-07
1955,4.260559528899778e-05,3.577739521785718e-07,3.83292911695524e-09,3.6348961884868913e-07
1956,4.1107421046555305e-05,3.49212456285386e-07,3.3398654635569916e-09,3.8109238127097864e-07
1957,3.998062155525466e-05,3.457384179585331e-07,3.3802464002466846e-09,3.8849165256189213e-07
1958,3.959696602708261e-05,3.326655116455056e-07,3.796471074021415e-09,4.024284651547662e-07
1959,3.869281863444485e-05,3.300798100878767e-07,3.803449809071578e-09,3.915188285321035e-07
1960,3.801756143470162e-05,3.2559513231587645e-07,3.663307054527617e-09,4.1311067531881106e-07
1961,3.755551266034932e-05,3.1937355109740953e-07,3.444632991543374e-09,4.4244773838337484e-07
1962,3.641739905495862e-05,3.137843041908387e-07,3.4441884265236565e-09,4.5551635707852256e-07
1963,3.5724978390914786e-05,2.9681200836811125e-07,3.6755722592524923e-09,4.3297670718597405e-07
1964,3.4838524048349685e-05,2.8314338708566667e-07,3.577257569529836e-09,4.5838738823736745e-07
1965,3.365001768023441e-05,2.8030962896861767e-07,3.2245674701820396e-09,4.823976667012175e-07
1966,3.300579763682825e-05,2.6047603845264735e-07,3.032970858589985e-09,4.866029347080517e-07
1967,3.224320763755324e-05,2.521648525544151e-07,3.0448464067538747e-09,4.7399615661041547e-07
1968,3.160143023706041e-05,2.436539493341375e-07,3.059781539249684e-09,4.3868186594409053e-07
1969,3.101552283624187e-05,2.3619652519560726e-07,2.969979722473275e-09,4.187862714388757e-07
1970,3.0481933208648115e-05,2.3752923945201993e-07,2.7836831252768336e-09,3.965080728513775e-07
1971,2.999552270921413e-05,2.3532248454622667e-07,2.7278572416784233e-09,3.5869633815569356e-07
1972,2.9391828970152085e-05,2.3235090549990544e-07,2.5403477892688945e-09,3.0256992796954106e-07
1973,2.90381301186114e-05,2.40367886103091e-07,2.433552962318889e-09,2.792782883683945e-07
1974,2.8593644726372857e-05,2.443776452309976e-07,2.1065597996131456e-09,2.573559397335755e-07
1975,2.8429243944369125e-05,2.483501211664978e-07,2.0228998000502786e-09,2.4939951767269773e-07
1976,2.8023749369562472e-05,2.551410846405945e-07,1.816516556222122e-09,2.3461605077760135e-07
1977,2.778274574666284e-05,2.5718651792366085e-07,1.5766197553850653e-09,2.2384798877997776e-07
1978,2.788677297108474e-05,2.6280707337329137e-07,1.4112581262334549e-09,2.319196527521074e-07
1979,2.8101968252615605e-05,2.652729936666479e-07,1.456797143235227e-09,2.3314158527552665e-07
1980,2.8008706067339517e-05,2.647511954429709e-07,1.3794981030506343e-09,2.3995349351935147e-07
1981,2.7936761658306102e-05,2.6519308400046224e-07,1.3970746940269611e-09,2.4387103232064486e-07
1982,2.7761039486254697e-05,2.604861667318151e-07,1.2953061004746961e-09,2.3350944746068437e-07
1983,2.780434546626306e-05,2.56659557099478e-07,1.409104103241735e-09,2.2930474585791671e-07
1984,2.785556924728943e-05,2.5294422658004934e-07,1.6188088330133204e-09,2.2204416641865725e-07
1985,2.763821664432596e-05,2.4752230436726155e-07,1.6001190055498731e-09,2.0795038478484328e-07
1986,2.762153417279478e-05,2.480953591137742e-07,1.4981165197269775e-09,2.01881872742758e-07
1987,2.767386285995599e-05,2.403962245775152e-07,1.4202715194398608e-09,1.8513513769643657e-07
1988,2.7661243231185445e-05,2.4137828802395234e-07,1.3307041421154305e-09,1.9138312877333063e-07
1989,2.7765476780976834e-05,2.3681984576536967e-07,1.5099417827180162e-09,1.920804594744498e-07
1990,2.7991056413156912e-05,2.383144378979653e-07,1.4165456030390544e-09,1.9415278984524775e-07
1991,2.802449905305236e-05,2.391606354227146e-07,1.3214812339639487e-09,2.0163728363188837e-07
1992,2.8292309382647674e-05,2.355501201074211e-07,1.226215295968558e-09,1.962008744677795e-07
1993,2.829658608659104e-05,2.272565800305009e-07,1.256921130668839e-09,2.0103630455586036e-07
1994,2.852291410298286e-05,2.2563370854251324e-07,1.363787598724591e-09,2.0804246097278728e-07
1995,2.894249025432925e-05,2.10723594510195e-07,1.442866144023875e-09,2.003217665398032e-07
1996,2.9230164987633805e-05,2.0882763099702322e-07,1.3003766634917773e-09,2.017711092808635e-07
1997,2.936063693986008e-05,2.0321969681650183e-07,1.2250755648019712e-09,2.0099172916486297e-07
1998,2.9511018770530688e-05,1.9382246664788128e-07,1.1322350993278211e-09,1.9611739787706028e-07
1999,2.9576377398500752e-05,1.8485860867453345e-07,1.0882150418873542e-09,1.992347802927595e-07
2000,2.987240649028016e-05,1.783936807799234e-07,1.0127577823989701e-09,1.987050361711746e-07
2001,2.986684531996226e-05,1.7438819099879765e-07,8.634151092503015e-10,2.003477703738099e-07
2002,2.9921834668909598e-05,1.697179702172694e-07,7.063253156961277e-10,2.0802684730369947e-07
2003,2.9966279855995837e-05,1.6171955102046403e-07,6.135423121936664e-10,2.3024331190819275e-07
2004,3.0195036223241395e-05,1.4670618497802934e-07,6.166803179219471e-10,2.3920733229130876e-07
2005,3.090650378518538e-05,1.433797466786148e-07,5.459553444252054e-10,2.5909483675994646e-07
2006,3.1407807130433086e-05,1.5918341692408182e-07,5.732380364038242e-10,2.622648074585803e-07
2007,3.1945852242643014e-05,1.464732710993693e-07,5.86418604152174e-10,2.6848429562115985e-07
2008,3.260219429129003e-05,1.3261121876796877e-07,5.533473401708733e-10,2.6300267563783564e-07
2009,3.285210940313326e-05,1.269627146273576e-07,5.660406667194553e-10,2.6134241742121436e-07
2010,3.277428420135818e-05,1.270520846625394e-07,5.296075681179449e-10,2.422108796703729e-07
2011,3.2593343868419265e-05,1.2202791615274172e-07,4.5188863167273345e-10,2.5371130618623283e-07
2012,3.220865151628719e-05,1.1072281326716751e-07,4.3646942607785833e-10,2.365326139397439e-07
2013,3.160960321630617e-05,8.52804115579277e-08,3.7079069378379414e-10,2.4009799558046196e-07
2014,3.121243051802074e-05,8.330686388343825e-08,3.10894867389904e-10,2.468616721833834e-07
2015,3.123368826761309e-05,9.040511577446913e-08,2.798463484752846e-10,2.9728485628766066e-07
2016,3.135169910300257e-05,8.709773017098346e-08,2.385014249587211e-10,3.0497067525305154e-07
2017,3.1637982525959764e-05,7.995389772474937e-08,2.304895394914889e-10,3.187834778373144e-07
2018,3.187727488693781e-05,8.007325007497456e-08,2.440906671230536e-10,3.13952472197343e-07
2019,3.208334874216234e-05,8.537358020532793e-08,1.9297632589121427e-10,3.4347409538781903e-07
