ngram,thanks,thnks,thaks,thankss
1500,2.3390674641632359e-07,0.0,0.0,0.0
1501,1.8712539713305886e-07,0.0,0.0,0.0
1502,3.3164868303477607e-07,0.0,0.0,0.0
1503,9.208937042006124e-06,0.0,0.0,0.0
1504,1.8335678337929755e-05,0.0,0.0,0.0
1505,1.9598333730235546e-05,0.0,0.0,0.0
1506,1.9598333730235546e-05,0.0,0.0,0.0
1507,1.9598333730235546e-05,0.0,0.0,0.0
1508,1.9598333730235546e-05,0.0,0.0,0.0
1509,1.9447724428443636e-05,0.0,0.0,0.0
1510,1.0523057686181606e-05,0.0,0.0,0.0
1511,1.2626553923057924e-06,0.0,0.0,0.0
1512,0.0,0.0,0.0,0.0
1513,0.0,0.0,0.0,0.0
1514,1.3426074084626244e-05,0.0,0.0,0.0
1515,1.3426074084626244e-05,0.0,0.0,0.0
1516,1.3426074084626244e-05,0.0,0.0,0.0
1517,1.4488627649760538e-05,0.0,0.0,0.0
1518,1.4488627649760538e-05,0.0,0.0,0.0
1519,1.4488627649760538e-05,0.0,0.0,0.0
1520,1.687191875784525e-05,0.0,0.0,0.0
1521,3.445844673219004e-06,0.0,0.0,0.0
1522,1.614087211367275e-05,0.0,0.0,0.0
1523,1.860505212139937e-05,0.0,0.0,0.0
1524,1.7542498556265074e-05,0.0,0.0,0.0
1525,1.7542498556265074e-05,0.0,0.0,0.0
1526,2.5170292376839954e-05,0.0,0.0,0.0
1527,2.2787001268755246e-05,0.0,0.0,0.0
1528,2.2787001268755246e-05,0.0,0.0,0.0
1529,1.0091973828301498e-05,0.0,0.0,0.0
1530,7.62779382057488e-06,0.0,0.0,0.0
1531,7.62779382057488e-06,0.0,0.0,0.0
1532,7.62779382057488e-06,0.0,0.0,0.0
1533,0.0,0.0,0.0,0.0
1534,0.0,0.0,0.0,0.0
1535,9.412739018443972e-06,0.0,0.0,0.0
1536,9.412739018443972e-06,0.0,0.0,0.0
1537,9.412739018443972e-06,0.0,0.0,0.0
1538,9.412739018443972e-06,0.0,0.0,0.0
1539,9.412739018443972e-06,0.0,0.0,0.0
1540,9.412739018443972e-06,0.0,0.0,0.0
1541,9.412739018443972e-06,0.0,0.0,0.0
1542,1.5046463366681046e-06,0.0,0.0,0.0
1543,1.5046463366681046e-06,0.0,0.0,0.0
1544,8.738102483870794e-06,0.0,0.0,0.0
1545,1.061354318413318e-05,0.0,0.0,0.0
1546,1.1732367966033053e-05,0.0,0.0,0.0
1547,1.1732367966033053e-05,0.0,0.0,0.0
1548,1.2326851836925406e-05,0.0,0.0,0.0
1549,2.0523467420779135e-05,0.0,0.0,0.0
1550,2.2144504522917225e-05,0.0,0.0,0.0
1551,1.4911048375714537e-05,0.0,0.0,0.0
1552,2.7457827919923667e-05,0.0,0.0,0.0
1553,2.6339003138023793e-05,0.0,0.0,0.0
1554,2.6339003138023793e-05,0.0,0.0,0.0
1555,2.874944428705411e-05,0.0,0.0,0.0
1556,2.1129934923789862e-05,0.0,0.0,0.0
1557,1.950889782165177e-05,0.0,0.0,0.0
1558,2.019094647818877e-05,0.0,0.0,0.0
1559,1.4364842952220766e-05,0.0,0.0,0.0
1560,1.9300435789253762e-05,0.0,0.0,0.0
1561,1.9300435789253762e-05,0.0,0.0,0.0
1562,1.807322535439328e-05,0.0,0.0,0.0
1563,1.6446094507825493e-05,0.0,0.0,0.0
1564,1.6446094507825493e-05,0.0,0.0,0.0
1565,1.5764045851288495e-05,0.0,0.0,0.0
1566,7.1679291327849825e-06,0.0,0.0,0.0
1567,7.009117325651459e-06,0.0,0.0,0.0
1568,7.009117325651459e-06,0.0,0.0,0.0
1569,8.20222404789612e-06,0.0,0.0,0.0
1570,9.258614617075572e-06,0.0,0.0,0.0
1571,9.258614617075572e-06,0.0,0.0,0.0
1572,1.4458222332385568e-05,0.0,0.0,0.0
1573,1.5716631683712228e-05,0.0,0.0,0.0
1574,1.6386966178418205e-05,0.0,0.0,0.0
1575,1.8901525436376687e-05,0.0,0.0,0.0
1576,1.863478675139569e-05,0.0,0.0,0.0
1577,1.7123774471526432e-05,0.0,0.0,0.0
1578,2.6037559499465196e-05,0.0,0.0,0.0
1579,2.277821619957519e-05,0.0,0.0,0.0
1580,2.1519806848248534e-05,0.0,0.0,0.0
1581,1.9632535700761116e-05,0.0,5.933073745317026e-07,0.0
1582,2.088880877896112e-05,0.0,5.933073745317026e-07,0.0
1583,2.082815041960982e-05,0.0,5.933073745317026e-07,0.0
1584,2.172726200504777e-05,0.0,5.933073745317026e-07,0.0
1585,1.4323221681219625e-05,0.0,5.933073745317026e-07,0.0
1586,1.382074495787882e-05,0.0,5.933073745317026e-07,0.0
1587,1.7973699673997805e-05,0.0,9.393869342082845e-07,0.0
1588,2.1778419522888726e-05,0.0,3.46079559676582e-07,0.0
1589,2.0248304865942502e-05,0.0,3.46079559676582e-07,0.0
1590,1.916473443738401e-05,0.0,3.46079559676582e-07,0.0
1591,2.2796691674947006e-05,0.0,3.46079559676582e-07,0.0
1592,2.665969285382224e-05,0.0,3.46079559676582e-07,0.0
1593,2.8794332787843553e-05,0.0,3.46079559676582e-07,0.0
1594,2.7994009672381382e-05,0.0,0.0,0.0
1595,2.2883430834294165e-05,0.0,0.0,0.0
1596,2.3798986668615335e-05,0.0,0.0,0.0
1597,2.453931249744658e-05,0.0,0.0,0.0
1598,2.102562374212929e-05,0.0,0.0,0.0
1599,1.694990045767294e-05,0.0,0.0,0.0
1600,1.955482580992144e-05,0.0,0.0,0.0
1601,1.9522699858498527e-05,0.0,0.0,0.0
1602,2.0713938088842303e-05,0.0,0.0,0.0
1603,2.1266655689292486e-05,0.0,0.0,0.0
1604,5.3701621189767525e-05,0.0,0.0,0.0
1605,5.650709551576126e-05,0.0,0.0,0.0
1606,6.201688198156521e-05,0.0,0.0,0.0
1607,5.658602607841853e-05,0.0,0.0,0.0
1608,6.065359171511123e-05,0.0,0.0,0.0
1609,5.852908589076833e-05,0.0,0.0,0.0
1610,5.762395650370828e-05,0.0,0.0,0.0
1611,2.3810521854881828e-05,0.0,0.0,0.0
1612,2.267767474352565e-05,0.0,0.0,0.0
1613,1.810821251118406e-05,0.0,0.0,0.0
1614,1.8680154425965156e-05,0.0,0.0,0.0
1615,1.814906149125558e-05,0.0,0.0,0.0
1616,1.9711739956359713e-05,0.0,0.0,0.0
1617,2.1231824965590412e-05,0.0,0.0,0.0
1618,2.5233971168095843e-05,0.0,0.0,0.0
1619,2.78330856287669e-05,0.0,0.0,0.0
1620,2.750977819232503e-05,0.0,0.0,0.0
1621,2.958128113407708e-05,0.0,0.0,0.0
1622,3.2573079546896876e-05,0.0,0.0,0.0
1623,3.3461482027113174e-05,0.0,0.0,0.0
1624,3.182551465995077e-05,0.0,0.0,0.0
1625,2.8562951748816496e-05,0.0,0.0,0.0
1626,2.7636644387842223e-05,0.0,0.0,0.0
1627,3.0036431131260804e-05,0.0,0.0,0.0
1628,2.8087744924830205e-05,0.0,0.0,0.0
1629,2.442866895892491e-05,0.0,0.0,0.0
1630,2.21231031381259e-05,0.0,0.0,0.0
1631,2.0908803370340528e-05,0.0,0.0,0.0
1632,2.217954585960667e-05,0.0,0.0,0.0
1633,1.959893779712729e-05,0.0,0.0,0.0
1634,1.6025620620244547e-05,0.0,0.0,0.0
1635,1.8453391476214165e-05,0.0,0.0,0.0
1636,1.4261112028179923e-05,0.0,0.0,0.0
1637,2.2159375410930287e-05,0.0,0.0,0.0
1638,2.3446432416156832e-05,0.0,1.3467007420331356e-07,0.0
1639,2.3629205250992008e-05,0.0,1.3467007420331356e-07,0.0
1640,2.2977887510933215e-05,0.0,1.3467007420331356e-07,0.0
1641,2.5044316706563613e-05,0.0,1.3467007420331356e-07,0.0
1642,2.6248932304692323e-05,0.0,1.3467007420331356e-07,0.0
1643,2.587731497832075e-05,0.0,1.3467007420331356e-07,0.0
1644,2.0179277401309393e-05,0.0,1.3467007420331356e-07,0.0
1645,2.2281106924180805e-05,0.0,0.0,0.0
1646,2.2087711710940183e-05,0.0,0.0,0.0
1647,2.5742918426528506e-05,0.0,0.0,0.0
1648,2.600787917929535e-05,0.0,0.0,0.0
1649,2.3359298081361756e-05,0.0,0.0,0.0
1650,2.726743150560651e-05,0.0,0.0,0.0
1651,2.8545982266743003e-05,0.0,0.0,0.0
1652,2.8916527558716814e-05,0.0,0.0,0.0
1653,3.006540568354207e-05,0.0,0.0,0.0
1654,2.9303179482147762e-05,0.0,0.0,0.0
1655,3.111193629073179e-05,0.0,0.0,0.0
1656,3.344414523910798e-05,0.0,0.0,0.0
1657,3.347109434668839e-05,0.0,0.0,0.0
1658,3.270810442960023e-05,0.0,0.0,0.0
1659,3.7028646537302325e-05,0.0,0.0,0.0
1660,3.720761898356224e-05,0.0,0.0,0.0
1661,3.802109910923589e-05,0.0,0.0,0.0
1662,3.8012426687471035e-05,0.0,0.0,0.0
1663,3.699977034037667e-05,0.0,0.0,0.0
1664,3.674478648463264e-05,0.0,0.0,0.0
1665,3.803012727335694e-05,0.0,0.0,0.0
1666,3.2271571399178356e-05,0.0,0.0,0.0
1667,3.2306012664256354e-05,0.0,3.245231588217783e-08,0.0
1668,3.250028333111134e-05,0.0,3.245231588217783e-08,0.0
1669,3.263063367090321e-05,0.0,3.245231588217783e-08,0.0
1670,3.588151957956143e-05,0.0,3.245231588217783e-08,0.0
1671,3.46821871062275e-05,0.0,3.245231588217783e-08,0.0
1672,3.295411806902848e-05,0.0,3.245231588217783e-08,0.0
1673,3.43797658258284e-05,0.0,3.245231588217783e-08,0.0
1674,3.536600498981508e-05,0.0,0.0,0.0
1675,3.754126997331956e-05,0.0,0.0,0.0
1676,3.6962427007633126e-05,0.0,0.0,0.0
1677,3.597885682081271e-05,3.35861979497817e-08,0.0,0.0
1678,3.782793958505083e-05,3.35861979497817e-08,0.0,0.0
1679,4.0502600313629955e-05,3.35861979497817e-08,0.0,0.0
1680,4.214248578396759e-05,3.35861979497817e-08,0.0,0.0
1681,4.069881080275601e-05,3.35861979497817e-08,0.0,0.0
1682,3.6959623685106635e-05,3.35861979497817e-08,0.0,0.0
1683,3.624342727042469e-05,3.35861979497817e-08,0.0,0.0
1684,3.511150186698485e-05,0.0,0.0,0.0
1685,3.263125186744479e-05,0.0,0.0,0.0
1686,3.17155117954826e-05,0.0,0.0,0.0
1687,2.753288676363549e-05,0.0,0.0,0.0
1688,2.7433943094885243e-05,0.0,0.0,0.0
1689,2.728121814600724e-05,0.0,0.0,0.0
1690,3.001271397806704e-05,2.0770290884034433e-08,0.0,0.0
1691,2.772611151158344e-05,2.0770290884034433e-08,0.0,0.0
1692,2.775357903114387e-05,2.0770290884034433e-08,0.0,0.0
1693,2.4355897039640695e-05,2.0770290884034433e-08,0.0,0.0
1694,2.4165217317723936e-05,2.0770290884034433e-08,0.0,0.0
1695,2.2608843469892497e-05,2.0770290884034433e-08,0.0,0.0
1696,2.1325097675019477e-05,3.651623663764829e-08,0.0,0.0
1697,1.791330240458982e-05,1.5745945753613862e-08,0.0,0.0
1698,1.684447761363117e-05,1.5745945753613862e-08,0.0,0.0
1699,1.5511150845018813e-05,1.5745945753613862e-08,0.0,0.0
1700,1.6634088361960104e-05,1.5745945753613862e-08,0.0,0.0
1701,1.6060780581028666e-05,1.5745945753613862e-08,0.0,0.0
1702,1.5891349903540686e-05,1.5745945753613862e-08,0.0,0.0
1703,1.7227691777017234e-05,0.0,0.0,0.0
1704,1.7059080034544293e-05,0.0,0.0,0.0
1705,2.05346645348722e-05,0.0,0.0,0.0
1706,2.207537402552719e-05,0.0,0.0,0.0
1707,2.165912324666611e-05,0.0,0.0,0.0
1708,2.1259506086477942e-05,0.0,0.0,0.0
1709,2.3346489927332315e-05,0.0,0.0,0.0
1710,2.374901123403106e-05,0.0,0.0,0.0
1711,2.2528631754019962e-05,0.0,0.0,0.0
1712,1.909280295616814e-05,0.0,0.0,0.0
1713,2.1851722652042683e-05,1.0818015182069627e-08,0.0,0.0
1714,2.19829902822052e-05,1.0818015182069627e-08,0.0,0.0
1715,2.3899262097464608e-05,1.0818015182069627e-08,0.0,0.0
1716,2.321991528983095e-05,1.0818015182069627e-08,0.0,0.0
1717,2.1818660700643833e-05,1.0818015182069627e-08,0.0,0.0
1718,2.2743178435900647e-05,1.0818015182069627e-08,0.0,0.0
1719,2.27657999078344e-05,1.0818015182069627e-08,0.0,0.0
1720,1.8634398137302404e-05,0.0,0.0,0.0
1721,1.7369084941622403e-05,0.0,0.0,0.0
1722,1.509754994393526e-05,0.0,0.0,0.0
1723,1.4164636793014194e-05,0.0,0.0,0.0
1724,1.2817341225205123e-05,0.0,0.0,0.0
1725,1.2269529049392855e-05,0.0,0.0,0.0
1726,1.5198536467713503e-05,0.0,0.0,3.19374911279218e-08
1727,1.4414061817140983e-05,0.0,0.0,3.19374911279218e-08
1728,1.4451494540220925e-05,0.0,0.0,3.19374911279218e-08
1729,1.4840746838932059e-05,0.0,0.0,3.19374911279218e-08
1730,1.642338715360633e-05,0.0,0.0,3.19374911279218e-08
1731,1.7631203653374022e-05,0.0,0.0,3.19374911279218e-08
1732,1.756289540415829e-05,0.0,0.0,3.19374911279218e-08
1733,1.5168414522902043e-05,0.0,0.0,0.0
1734,1.64231000131362e-05,0.0,0.0,0.0
1735,1.700825487205293e-05,0.0,0.0,0.0
1736,1.8061682047638377e-05,0.0,0.0,0.0
1737,1.6812977264635265e-05,0.0,0.0,0.0
1738,2.144289932662754e-05,5.491816271582398e-09,0.0,0.0
1739,2.266602742955521e-05,5.491816271582398e-09,0.0,0.0
1740,2.2640985012653152e-05,5.491816271582398e-09,0.0,0.0
1741,2.1585701558381387e-05,5.491816271582398e-09,0.0,5.9413507764410105e-09
1742,2.597342907912597e-05,5.491816271582398e-09,0.0,5.9413507764410105e-09
1743,2.54423612204846e-05,5.491816271582398e-09,0.0,5.9413507764410105e-09
1744,2.644002363792554e-05,5.491816271582398e-09,0.0,5.9413507764410105e-09
1745,2.187184717123663e-05,0.0,0.0,5.9413507764410105e-09
1746,2.1151482932119897e-05,0.0,0.0,5.9413507764410105e-09
1747,2.160460488604648e-05,0.0,0.0,5.9413507764410105e-09
1748,2.2694536970188244e-05,0.0,0.0,0.0
1749,1.8389585160808304e-05,0.0,0.0,0.0
1750,1.948891648290945e-05,0.0,0.0,0.0
1751,1.9442944903858006e-05,0.0,0.0,0.0
1752,2.0200540218086515e-05,0.0,0.0,0.0
1753,2.1603859360246653e-05,0.0,0.0,0.0
1754,2.2112853652548177e-05,0.0,0.0,0.0
1755,2.345876860739996e-05,0.0,0.0,0.0
1756,2.4819933969411068e-05,0.0,0.0,0.0
1757,2.5882574326325475e-05,0.0,0.0,0.0
1758,2.584358896586179e-05,0.0,0.0,0.0
1759,2.6990318084634574e-05,0.0,0.0,0.0
1760,2.764352861309557e-05,0.0,0.0,0.0
1761,2.7840714860108813e-05,0.0,0.0,0.0
1762,2.7912109414631103e-05,0.0,0.0,0.0
1763,2.882783597410058e-05,0.0,0.0,0.0
1764,2.8833619580836967e-05,0.0,0.0,0.0
1765,3.032469820547184e-05,0.0,0.0,0.0
1766,3.100638033564402e-05,0.0,0.0,0.0
1767,3.119127800995817e-05,0.0,0.0,0.0
1768,3.291372377134394e-05,0.0,0.0,0.0
1769,3.3226219394626764e-05,0.0,0.0,0.0
1770,3.253769318689592e-05,0.0,0.0,0.0
1771,3.273519307965346e-05,0.0,0.0,0.0
1772,3.239534297400886e-05,0.0,0.0,0.0
1773,3.183663180347399e-05,0.0,0.0,2.5951908558649197e-09
1774,3.0700415663886815e-05,0.0,0.0,2.5951908558649197e-09
1775,3.057233854113812e-05,0.0,0.0,2.5951908558649197e-09
1776,3.0448188876367306e-05,0.0,0.0,2.5951908558649197e-09
1777,3.0995512653524724e-05,0.0,0.0,2.5951908558649197e-09
1778,3.043920332856942e-05,0.0,0.0,2.5951908558649197e-09
1779,3.104197224144757e-05,0.0,0.0,2.5951908558649197e-09
1780,3.0515087148939658e-05,0.0,0.0,0.0
1781,3.326245444311228e-05,0.0,0.0,0.0
1782,3.335878708250155e-05,0.0,0.0,0.0
1783,3.3522825625758355e-05,2.174599040521181e-09,0.0,0.0
1784,3.2948407221868236e-05,2.174599040521181e-09,0.0,0.0
1785,3.281466498655001e-05,2.174599040521181e-09,0.0,0.0
1786,3.1260248631172415e-05,2.174599040521181e-09,0.0,0.0
1787,3.209159798903524e-05,2.174599040521181e-09,0.0,0.0
1788,3.0007404867709348e-05,2.174599040521181e-09,2.6131041457639573e-09,0.0
1789,2.9409695603784973e-05,2.174599040521181e-09,2.6131041457639573e-09,0.0
1790,2.877261561349899e-05,0.0,2.6131041457639573e-09,0.0
1791,3.0004181358630637e-05,1.0859662375699892e-09,2.6131041457639573e-09,0.0
1792,3.07625448060987e-05,1.0859662375699892e-09,2.6131041457639573e-09,0.0
1793,3.150100357223502e-05,1.0859662375699892e-09,2.6131041457639573e-09,0.0
1794,3.142695978957428e-05,1.0859662375699892e-09,2.6131041457639573e-09,0.0
1795,3.099766243914408e-05,1.0859662375699892e-09,0.0,0.0
1796,3.134612234134693e-05,1.0859662375699892e-09,0.0,0.0
1797,3.14011379357128e-05,1.0859662375699892e-09,0.0,0.0
1798,3.114661246529847e-05,0.0,0.0,0.0
1799,3.123758220421483e-05,0.0,0.0,0.0
1800,3.06945299338882e-05,4.116639093102289e-10,0.0,0.0
1801,3.093538387994548e-05,4.116639093102289e-10,0.0,0.0
1802,3.235882312375387e-05,4.116639093102289e-10,0.0,4.341267980022069e-10
1803,3.303263188822062e-05,4.116639093102289e-10,0.0,4.341267980022069e-10
1804,3.353673907570608e-05,4.116639093102289e-10,0.0,4.341267980022069e-10
1805,3.395990149458937e-05,4.116639093102289e-10,2.5967750172384285e-10,4.341267980022069e-10
1806,3.413383014308887e-05,6.702140112732227e-10,2.5967750172384285e-10,4.341267980022069e-10
1807,3.4727827109496244e-05,2.5855010196299387e-10,6.781199570125653e-10,4.341267980022069e-10
1808,3.5055186474762324e-05,2.5855010196299387e-10,6.781199570125653e-10,9.048531765135489e-10
1809,3.598028342821635e-05,2.5855010196299387e-10,6.781199570125653e-10,4.70726378511342e-10
1810,3.57896600949711e-05,2.5855010196299387e-10,6.781199570125653e-10,4.70726378511342e-10
1811,3.710575037985109e-05,2.5855010196299387e-10,6.781199570125653e-10,1.1738782009932232e-09
1812,3.676071251642757e-05,2.5855010196299387e-10,4.184424552887224e-10,1.6512947200096407e-09
1813,3.684175836886945e-05,0.0,4.184424552887224e-10,1.6512947200096407e-09
1814,3.720485359995759e-05,0.0,0.0,1.6512947200096407e-09
1815,3.7329854032058006e-05,1.9314070977470366e-10,0.0,1.3737090512730025e-09
1816,3.5482410696983736e-05,3.8331342861701907e-10,0.0,1.3737090512730025e-09
1817,3.5200174741995784e-05,3.8331342861701907e-10,0.0,1.7164041933779929e-09
1818,3.4052783770935745e-05,3.8331342861701907e-10,0.0,1.192287237193414e-09
1819,3.3821641149448366e-05,3.8331342861701907e-10,0.0,7.148707181769964e-10
1820,3.322849858834941e-05,3.8331342861701907e-10,0.0,8.622676541035292e-10
1821,3.257656966785102e-05,3.8331342861701907e-10,1.2855425454308796e-10,1.1193761631897052e-09
1822,3.1889600774905246e-05,1.901727188423154e-10,1.2855425454308796e-10,1.0510043549746432e-09
1823,3.192889614313442e-05,1.4046276840064464e-10,5.499425756053508e-10,1.1914671233752878e-09
1824,3.15814462997618e-05,1.4046276840064464e-10,5.499425756053508e-10,8.487719812702973e-10
1825,3.140341089290034e-05,1.4046276840064464e-10,2.069344195998468e-09,6.69737114972995e-10
1826,3.0442073174136957e-05,1.4046276840064464e-10,2.1878424389625603e-09,6.69737114972995e-10
1827,3.0348119772887522e-05,1.4046276840064464e-10,2.1878424389625603e-09,8.360519974738776e-10
1828,3.0076332872600426e-05,1.4046276840064464e-10,2.059288184419472e-09,5.789434883877017e-10
1829,2.8217694177458596e-05,2.8101132532043493e-10,2.059288184419472e-09,4.5417458682806e-10
1830,2.792405679688922e-05,2.3585309895578025e-10,1.6378998633572094e-09,5.043209024993952e-10
1831,2.7256175599177368e-05,2.3585309895578025e-10,1.7307945235752901e-09,5.97215562717476e-10
1832,2.6575727523387676e-05,3.2100255786815524e-10,4.668412799192976e-10,5.97215562717476e-10
1833,2.6779619085053647e-05,5.684373448135358e-10,3.483430369552057e-10,5.97215562717476e-10
1834,2.670891288809279e-05,5.684373448135358e-10,3.483430369552057e-10,2.8350374429006054e-10
1835,2.6743899849991847e-05,6.522207456655898e-10,5.996932474415319e-10,2.8350374429006054e-10
1836,2.8229434194924708e-05,5.116721887457995e-10,5.996932474415319e-10,5.086872827726146e-10
1837,2.8569715401057954e-05,4.938090571369815e-10,7.545760682958758e-10,3.180781987006347e-10
1838,2.8920312096098704e-05,4.938090571369815e-10,6.61681408077795e-10,4.541607883418968e-10
1839,2.9231052394607104e-05,5.602224715874269e-10,4.0623303134067005e-10,4.541607883418968e-10
1840,3.0066405348147134e-05,5.395455828148345e-10,4.0623303134067005e-10,4.541607883418968e-10
1841,3.066580523279429e-05,6.795008048296073e-10,4.0623303134067005e-10,5.241383993492832e-10
1842,3.051856427711235e-05,5.957174039775534e-10,1.5488282085434387e-10,5.241383993492832e-10
1843,3.0616917553873335e-05,5.957174039775534e-10,1.5488282085434387e-10,3.645293907997679e-10
1844,3.067888584545082e-05,6.518417075948183e-10,7.346114193142381e-10,3.645293907997679e-10
1845,3.0812595858671034e-05,7.185804729026302e-10,7.346114193142381e-10,1.355521409404251e-10
1846,3.087286443457872e-05,5.670175995398097e-10,7.998319189501351e-10,1.355521409404251e-10
1847,3.020036170450372e-05,3.402597013670215e-10,7.998319189501351e-10,1.355521409404251e-10
1848,2.9556484670527944e-05,2.0030447935224871e-10,7.998319189501351e-10,1.2026220495643868e-10
1849,2.9663117207486982e-05,2.0030447935224871e-10,8.535714555803407e-10,1.2026220495643868e-10
1850,2.9523225748562254e-05,2.0030447935224871e-10,8.535714555803407e-10,5.4687675023399966e-11
1851,2.905366740638523e-05,6.673876530781188e-11,3.0467441664810176e-10,5.4687675023399966e-11
1852,2.8711301378539895e-05,0.0,3.552359874513046e-10,5.4687675023399966e-11
1853,2.838883847289253e-05,0.0,2.9001548781540775e-10,1.0294701599125996e-10
1854,2.8357880572522326e-05,0.0,2.9001548781540775e-10,1.0294701599125996e-10
1855,2.8471817651214743e-05,5.250174898005103e-11,6.05025981695714e-10,4.825934096786e-11
1856,2.8356065740808845e-05,5.250174898005103e-11,6.009852496610283e-10,9.795814556337997e-11
1857,2.843302198536029e-05,5.250174898005103e-11,8.416563834767743e-10,9.795814556337997e-11
1858,2.8669289219708715e-05,1.101052622092575e-10,8.287525467474768e-10,1.5556165879258644e-10
1859,2.909689205158169e-05,1.101052622092575e-10,7.781909759442738e-10,1.5556165879258644e-10
1860,2.953076286108366e-05,1.101052622092575e-10,1.1441622292464514e-09,1.0730231782472645e-10
1861,2.9951754705897266e-05,1.6659194262176007e-10,1.3136222625537946e-09,1.0730231782472645e-10
1862,3.049892153025472e-05,2.2552673617504126e-10,9.986117686734885e-10,1.6302058909139257e-10
1863,3.067389245968245e-05,2.2552673617504126e-10,9.966508451864087e-10,1.1332178449587258e-10
1864,3.068495139554476e-05,2.2552673617504126e-10,7.559797113706626e-10,1.6041690594928833e-10
1865,3.073898889332278e-05,1.679232229458348e-10,6.273957187108437e-10,1.0281339272008187e-10
1866,3.0509615888669422e-05,1.679232229458348e-10,7.158749585186744e-10,1.0281339272008187e-10
1867,3.0295577484399212e-05,1.679232229458348e-10,3.499037052164969e-10,1.0281339272008187e-10
1868,2.9807902527474134e-05,1.1143654253333222e-10,3.59690463921528e-10,1.0281339272008187e-10
1869,2.8897993355972824e-05,3.958588615634742e-11,4.3886223623422286e-10,4.709512145341575e-11
1870,2.8540886757712413e-05,8.182234651726056e-11,4.333608154866957e-10,4.709512145341575e-11
1871,2.8272674951170173e-05,8.182234651726056e-11,4.739368778380485e-10,0.0
1872,2.7972003018866027e-05,1.2277405679407749e-10,5.116137473987997e-10,0.0
1873,2.7550892679885563e-05,1.2277405679407749e-10,5.011520127456188e-10,0.0
1874,2.7336177351701607e-05,1.2277405679407749e-10,5.806334421202105e-10,0.0
1875,2.704029351921885e-05,1.2277405679407749e-10,4.816167107980971e-10,0.0
1876,2.7164702519907484e-05,8.318817063773004e-11,4.024449384854023e-10,3.833198441200685e-11
1877,2.7149516816799795e-05,4.0951710276816906e-11,3.602084781244892e-10,3.833198441200685e-11
1878,2.72159884064292e-05,7.723706991440743e-11,3.922031350483175e-10,3.833198441200685e-11
1879,2.6998558626343894e-05,1.0611298744451453e-10,3.801273423016076e-10,3.833198441200685e-11
1880,2.6928339658687556e-05,2.0477303582947367e-10,8.611834499485025e-10,3.833198441200685e-11
1881,2.687519320586164e-05,2.3633863120510664e-10,8.76398810665892e-10,3.833198441200685e-11
1882,2.7000043961119706e-05,2.3633863120510664e-10,8.285783289644197e-10,7.074156340079542e-11
1883,2.6617657048128812e-05,2.6846125917539306e-10,8.928235849049924e-10,3.240957898878857e-11
1884,2.6550025203115573e-05,2.6846125917539306e-10,8.928235849049924e-10,3.240957898878857e-11
1885,2.6233897837560755e-05,2.6119917736647634e-10,8.202528656298114e-10,3.240957898878857e-11
1886,2.6337480449001305e-05,1.9137154955955234e-10,8.331910875522145e-10,3.240957898878857e-11
1887,2.6298030466672833e-05,2.0324737527919823e-10,6.886270125556442e-10,6.004354751493984e-11
1888,2.6134660272094023e-05,1.986846223259572e-10,6.20933064886055e-10,8.704638993733177e-11
1889,2.5943224890007904e-05,1.986846223259572e-10,7.19377956013924e-10,8.080770576489118e-11
1890,2.6156084069433355e-05,1.665619943556708e-10,6.551327000733512e-10,1.061033959105982e-10
1891,2.6008257659019103e-05,2.1777209797362625e-10,7.063428036913066e-10,1.317084477195759e-10
1892,2.57473696235268e-05,2.3369198441449054e-10,8.861154607694591e-10,1.317084477195759e-10
1893,2.5567743380504127e-05,2.5675365801701236e-10,8.264112846426538e-10,1.547701213220977e-10
1894,2.542451823371396e-05,1.4621778391240729e-10,5.223606111151976e-10,1.2713615279594644e-10
1895,2.5367468749339294e-05,1.1921494149001533e-10,5.16528976336948e-10,1.001333103735545e-10
1896,2.5476077228501837e-05,1.7735621899677463e-10,4.2443535789146326e-10,9.334284139279297e-11
1897,2.520765052135435e-05,2.145097294237175e-10,4.430121131049347e-10,6.804715124708594e-11
1898,2.501830983549423e-05,1.9937596216847353e-10,4.09840177668335e-10,4.244209943810822e-11
1899,2.5021403676614034e-05,1.7264670447238372e-10,3.393509600308724e-10,4.244209943810822e-11
1900,2.4832309853601536e-05,1.8572623994295157e-10,3.5243049550144027e-10,1.9380425835586427e-11
1901,2.47642910835566e-05,2.0286292685372283e-10,2.933816899736945e-10,1.0506386237198382e-10
1902,2.447350224039318e-05,2.0286292685372283e-10,2.894287726151745e-10,1.0506386237198382e-10
1903,2.376124289834739e-05,1.765999390374822e-10,2.9848535349723855e-10,8.568343653639739e-11
1904,2.3411909881230842e-05,1.711539085061783e-10,3.7503103995322514e-10,8.568343653639739e-11
1905,2.2976685223901378e-05,1.5032443444790948e-10,3.569928717718694e-10,8.568343653639739e-11
1906,2.2532903520706376e-05,1.4762551399570357e-10,2.7873940457366434e-10,8.568343653639739e-11
1907,2.2095050943400046e-05,1.1148430492261393e-10,2.865487172939599e-10,8.568343653639739e-11
1908,2.1426645097173086e-05,9.434761801184268e-11,4.135565580463764e-10,4.117336233860109e-11
1909,2.098533254216558e-05,1.3569064621909988e-10,4.376812959680113e-10,4.117336233860109e-11
1910,2.065204924812341e-05,1.1758624629543135e-10,4.0363775318162457e-10,4.117336233860109e-11
1911,2.031502793085695e-05,2.1168015158184213e-10,3.6442703914087357e-10,5.515129424577785e-11
1912,1.9960738687327e-05,2.39675611698623e-10,3.93255254749203e-10,5.515129424577785e-11
1913,1.9426158749930827e-05,2.9565021760134616e-10,3.622252825067182e-10,5.515129424577785e-11
1914,1.8918985266022253e-05,3.1026670716765333e-10,3.1827476071333294e-10,5.515129424577785e-11
1915,1.8654636213406256e-05,3.580828748596586e-10,1.5579558377514553e-10,1.3977931907176761e-11
1916,1.8333607970687028e-05,3.3179170918654476e-10,1.295044181020317e-10,1.3977931907176761e-11
1917,1.8143977285944857e-05,3.599150233798579e-10,1.4366199698111005e-10,4.190940055310526e-11
1918,1.7827866031439044e-05,2.7725435538686737e-10,2.0279218185656082e-10,5.6691946771967954e-11
1919,1.7737622589005957e-05,2.6242352636168016e-10,2.449926967645106e-10,5.6691946771967954e-11
1920,1.793151672505441e-05,2.141355892207716e-10,2.9139600653062455e-10,7.989360165502494e-11
1921,1.7999042029259726e-05,1.9951909965446442e-10,4.6006565620640826e-10,1.361168182136195e-10
1922,1.7995274382493725e-05,1.5170293196245917e-10,5.407321178120737e-10,1.361168182136195e-10
1923,1.8016002806169646e-05,1.366510694283158e-10,5.256802552779303e-10,1.361168182136195e-10
1924,1.808716193149199e-05,1.191753957423864e-10,5.465918471804696e-10,1.0818534956769099e-10
1925,1.8195414668298326e-05,1.2204502884495738e-10,4.77560284967942e-10,1.0243004658746661e-10
1926,1.8312415964568834e-05,1.3947946171060417e-10,8.42067859885276e-10,1.711989339974502e-10
1927,1.8262866173504983e-05,1.3901618546783923e-10,8.411413073997462e-10,1.479972791143932e-10
1928,1.833641493119233e-05,1.3901618546783923e-10,6.724716577239625e-10,1.1458354899827685e-10
1929,1.8424938908927807e-05,1.3901618546783923e-10,6.011522708198364e-10,1.3986934626381801e-10
1930,1.836919104139919e-05,1.9347097138641293e-10,6.011522708198364e-10,2.2155152315913743e-10
1931,1.8338303302048837e-05,3.5268050384879805e-10,6.047752298954379e-10,2.2155152315913743e-10
1932,1.8247725945132386e-05,3.7759989183047283e-10,6.533378639682143e-10,2.22189594104424e-10
1933,1.8079055994998532e-05,4.0125544157173666e-10,2.409687172022501e-10,1.534207066944404e-10
1934,1.7917274038024645e-05,3.7851706293144463e-10,2.628955822877746e-10,1.7588858147732367e-10
1935,1.77407891897019e-05,3.7851706293144463e-10,3.073402484890916e-10,1.5307909503484548e-10
1936,1.7451607553604325e-05,3.994544952748821e-10,3.4486674627132174e-10,1.277932977693043e-10
1937,1.7124712030636147e-05,3.449997093563084e-10,4.121940011536651e-10,4.61111208739849e-11
1938,1.6678696088742333e-05,1.6136864661968938e-10,3.5972798152959587e-10,4.61111208739849e-11
1939,1.6471914412769756e-05,9.043890834638444e-11,3.1494304783156023e-10,2.2467874782883257e-11
1940,1.6216063678647125e-05,4.6730694710664775e-11,3.433624138983658e-10,2.2467874782883257e-11
1941,1.6219456093884738e-05,1.0188783547019194e-10,2.7595879153225715e-10,2.7578570379763587e-11
1942,1.6099442291306332e-05,1.0188783547019194e-10,2.3151412533094018e-10,2.7578570379763587e-11
1943,1.616624571657407e-05,1.0240372835415964e-10,1.9015515551057405e-10,2.7578570379763587e-11
1944,1.6206836724969825e-05,1.0240372835415964e-10,1.2282790062823068e-10,2.7578570379763587e-11
1945,1.640337956944547e-05,1.7748141052058893e-10,1.41597321169838e-10,2.7578570379763587e-11
1946,1.6315133117521846e-05,1.9402951467739626e-10,1.414535829738891e-10,2.7578570379763587e-11
1947,1.654536780344123e-05,1.8479322833846775e-10,8.986705823943453e-11,2.7578570379763587e-11
1948,1.6504189261468127e-05,1.6383608755380204e-10,8.986705823943453e-11,1.709999998743074e-11
1949,1.6665685377250027e-05,1.8084224990515858e-10,1.7489786603113496e-10,1.709999998743074e-11
1950,1.6746333390723782e-05,1.593889246777534e-10,1.7036451614517644e-10,1.709999998743074e-11
1951,1.6921344078062767e-05,1.593889246777534e-10,3.855027884215799e-10,3.364909838860746e-11
1952,1.7031855220141422e-05,1.313630890572729e-10,4.137852144259213e-10,4.933304756768056e-11
1953,1.7354802496681388e-05,1.6188269574041973e-10,3.7983013857172716e-10,6.502228418390845e-11
1954,1.7269393148516038e-05,1.5984167560973665e-10,4.088620503669585e-10,6.502228418390845e-11
1955,1.7379973672047656e-05,1.2564167563487517e-10,5.248160665969972e-10,6.241653622523252e-11
1956,1.724494749006616e-05,1.3557152424491037e-10,5.60997307140289e-10,6.241653622523252e-11
1957,1.7144046069006436e-05,1.9929015382391668e-10,6.715145909568549e-10,6.241653622523252e-11
1958,1.702949729016317e-05,2.230937696483843e-10,5.51590781978322e-10,4.586743782405581e-11
1959,1.68745760415082e-05,1.7604192310243556e-10,5.7230257140471e-10,4.1477427643281977e-11
1960,1.662707680744851e-05,1.5014993415274347e-10,6.83667670095137e-10,3.637605197218516e-11
1961,1.6562714725815958e-05,1.4688954715267955e-10,7.334247415740386e-10,3.637605197218516e-11
1962,1.6374524420825765e-05,1.4688954715267955e-10,6.990847741964298e-10,2.1881799943430328e-11
1963,1.630812325207184e-05,1.2985739269602955e-10,6.769112889263137e-10,3.178565644817206e-11
1964,1.614073465004497e-05,8.412538324683742e-11,7.11353618866793e-10,3.178565644817206e-11
1965,1.6185462300200015e-05,1.0439717741077864e-10,7.131050511992904e-10,3.178565644817206e-11
1966,1.6215829548725325e-05,1.8353481829563075e-10,7.50858272383478e-10,2.0491717449872785e-11
1967,1.6166771404511693e-05,1.7120377536285402e-10,7.299400845666477e-10,9.90385650474173e-12
1968,1.5992379043642097e-05,1.7766128944980101e-10,7.662861377179451e-10,1.8760397996991126e-11
1969,1.5724775299271903e-05,2.315226016854791e-10,7.475102877955006e-10,3.6714169403064185e-11
1970,1.5395395946273182e-05,2.4792727196639875e-10,7.186277961590548e-10,2.681031289832246e-11
1971,1.5144375798367296e-05,3.104987596401289e-10,6.194045118082922e-10,2.681031289832246e-11
1972,1.4716583401812905e-05,2.838142399668493e-10,6.267839580686996e-10,3.550575805588707e-11
1973,1.426041762897512e-05,2.2118479270361036e-10,5.955539712181641e-10,4.3759854866693666e-11
1974,1.3921686721524956e-05,2.449301257843674e-10,5.95335360374451e-10,5.190735787625427e-11
1975,1.366215954996213e-05,2.7587404186465593e-10,6.504998286059407e-10,4.3050816384004875e-11
1976,1.3512315230660274e-05,2.541584542032587e-10,6.921352340467329e-10,3.313347612150202e-11
1977,1.3460800021545896e-05,2.6798198382582683e-10,6.621112190265319e-10,4.918629789177739e-11
1978,1.3479487149327594e-05,2.44543375628657e-10,6.973740553282783e-10,4.918629789177739e-11
1979,1.3568817459080102e-05,2.759186906731159e-10,6.499226196903557e-10,4.861855362747747e-11
1980,1.3725345265161845e-05,2.8292098029427034e-10,6.696776823554375e-10,4.8201284233836563e-11
1981,1.3927519960686499e-05,2.579607668346766e-10,6.171687367511375e-10,4.7683579802924674e-11
1982,1.4172464554056724e-05,2.389497478851231e-10,6.099221207454621e-10,4.7683579802924674e-11
1983,1.4423604755263244e-05,2.956340935944546e-10,5.424610443378291e-10,3.964714865935446e-11
1984,1.462450628813323e-05,2.7755381822234884e-10,5.464325500018471e-10,2.3594326889079096e-11
1985,1.4879118030616415e-05,2.204343186159744e-10,5.063860085220893e-10,3.082840183529381e-11
1986,1.5058034477988258e-05,1.9930233356525917e-10,5.116690959816594e-10,2.2700700942029125e-11
1987,1.5280297312918784e-05,2.359790587142767e-10,4.443770331866556e-10,1.4863873524863435e-11
1988,1.549972798134799e-05,2.5607489938041436e-10,4.672139520505475e-10,2.1096894568607892e-11
1989,1.5679506629697115e-05,2.4638495410567174e-10,4.1059325185864385e-10,2.7748906347316702e-11
1990,1.5851690347647362e-05,1.7086980838180007e-10,4.201829618371329e-10,3.440636862718703e-11
1991,1.610948103396887e-05,1.6195656423110905e-10,4.1549500942991303e-10,4.0975637069903417e-11
1992,1.628922655072529e-05,1.7468125656267778e-10,3.9579648487236037e-10,4.010390828947306e-11
1993,1.665023436154505e-05,1.7925383300714566e-10,3.7226764726394634e-10,4.010390828947306e-11
1994,1.6962551204155068e-05,1.2556975449519647e-10,4.300584689951949e-10,4.010390828947306e-11
1995,1.7289185312360394e-05,1.0423124664958396e-10,4.0491001028288206e-10,2.624108866707989e-11
1996,1.778270909978476e-05,1.0948336879947261e-10,3.2368597881392095e-10,1.9589076888371082e-11
1997,1.8406922598452574e-05,1.2493106747525828e-10,4.036392767644717e-10,2.4436663506203058e-11
1998,1.893536292690052e-05,1.1757031806447493e-10,4.220015408546678e-10,4.0978544962084435e-11
1999,1.955743287648407e-05,1.6992455607283448e-10,4.4890639618243103e-10,5.6309175576276156e-11
2000,2.016368905190445e-05,1.4810261796711314e-10,4.5699010448834494e-10,6.150160490008588e-11
2001,2.0907511238224936e-05,2.1766043927546567e-10,3.825908726733702e-10,6.65723349462561e-11
2002,2.1651854435081725e-05,2.488531835955131e-10,3.583365915501727e-10,8.267799639360973e-11
2003,2.234544600859018e-05,2.339613012254065e-10,3.537609838003394e-10,8.267799639360973e-11
2004,2.2953025628729457e-05,2.657572282278269e-10,2.423450854676419e-10,7.117294749590743e-11
2005,2.369953784052216e-05,3.196025646515618e-10,4.3796548233292805e-10,6.296757857190575e-11
2006,2.458375976337785e-05,2.8025649459869785e-10,3.883262689582548e-10,5.15677461050095e-11
2007,2.5534119621235213e-05,3.128089245962862e-10,3.5769588779028487e-10,5.174247786185074e-11
2008,2.654745315209896e-05,2.896587682012429e-10,3.8459198326012967e-10,4.6671747815680526e-11
2009,2.7291541690439252e-05,3.1430908173765305e-10,3.9093864653442067e-10,3.05660863683269e-11
2010,2.7875452100748328e-05,3.6130735308376975e-10,4.562779142609179e-10,4.284777493130625e-11
2011,2.9007499376478207e-05,3.7038475857770996e-10,4.550654674513004e-10,5.6774965681175413e-11
2012,2.9951137808633837e-05,3.4814063933273434e-10,2.23026626928429e-10,6.322861480421795e-11
2013,3.046317345121809e-05,3.4916289304298687e-10,2.2363997756854762e-10,5.29354704911381e-11
2014,3.103792369074654e-05,4.101406079838808e-10,2.231257440714935e-10,5.276405949066516e-11
2015,3.120668900789626e-05,4.006751835079163e-10,2.5125624200253837e-10,5.819473078031276e-11
2016,3.168135221390652e-05,3.822543948039936e-10,2.305837802442566e-10,5.819473078031276e-11
2017,3.219834252377041e-05,3.790964903105376e-10,1.6871395715674828e-10,5.356521592022231e-11
2018,3.204219829058275e-05,3.5742545034800344e-10,1.829586815382811e-10,4.478019205444994e-11
2019,3.1948905416356865e-05,3.813685547915391e-10,1.913193492519838e-10,1.8596237397194848e-11
