ngram,reading,reding,readng,readin
1500,1.1832564723590622e-05,0.0,0.0,0.0
1501,9.466051778872497e-06,0.0,0.0,0.0
1502,1.052403937743899e-05,0.0,0.0,0.0
1503,9.020605180661992e-06,0.0,0.0,0.0
1504,0.00018389897325375517,0.0,0.0,0.0
1505,0.0001785224595291116,0.0,0.0,0.0
1506,0.0001785224595291116,0.0,0.0,0.0
1507,0.0001785224595291116,0.0,0.0,0.0
1508,0.0001785224595291116,0.0,0.0,0.0
1509,0.0001762633199047871,0.0,0.0,0.0
1510,0.0001762633199047871,0.0,0.0,0.0
1511,3.156638480764481e-07,0.0,0.0,0.0
1512,0.0,0.0,0.0,0.0
1513,0.0,0.0,0.0,0.0
1514,2.5709502681690666e-06,0.0,0.0,0.0
1515,2.5709502681690666e-06,0.0,0.0,0.0
1516,2.5709502681690666e-06,0.0,0.0,0.0
1517,6.289887616211283e-06,0.0,0.0,0.0
1518,6.289887616211283e-06,0.0,0.0,0.0
1519,6.289887616211283e-06,0.0,0.0,0.0
1520,8.971090210252441e-06,0.0,0.0,0.0
1521,6.4001399420833745e-06,0.0,0.0,0.0
1522,1.2747653662310248e-05,0.0,0.0,0.0
1523,1.705996874079574e-05,0.0,0.0,0.0
1524,1.3341031392753524e-05,0.0,0.0,0.0
1525,1.3341031392753524e-05,0.0,0.0,0.0
1526,1.3341031392753524e-05,0.0,0.0,0.0
1527,1.0659828798712365e-05,0.0,0.0,0.0
1528,2.21573853715589e-05,0.0,0.0,0.0
1529,1.5809871651332026e-05,0.0,0.0,0.0
1530,1.2226505077705951e-05,0.0,0.0,0.0
1531,2.946104924766197e-05,0.0,0.0,0.0
1532,3.0362882431031073e-05,0.0,0.0,0.0
1533,3.0362882431031073e-05,0.0,0.0,0.0
1534,3.0362882431031073e-05,0.0,0.0,0.0
1535,2.1500892866502648e-05,0.0,0.0,0.0
1536,2.2395421638066182e-05,0.0,0.0,0.0
1537,2.1666473133206766e-05,0.0,0.0,0.0
1538,7.608367533456268e-06,0.0,0.0,0.0
1539,1.500764580798984e-05,0.0,0.0,0.0
1540,1.500764580798984e-05,0.0,0.0,0.0
1541,1.500764580798984e-05,0.0,0.0,0.0
1542,8.30904536347329e-05,0.0,0.0,0.0
1543,8.219592486316937e-05,0.0,0.0,0.0
1544,8.76210171034992e-05,0.0,0.0,0.0
1545,8.765961969662126e-05,0.0,0.0,0.0
1546,8.047733302061846e-05,0.0,0.0,0.0
1547,8.375447422232745e-05,0.0,0.0,3.277141201708998e-06
1548,8.583516773796873e-05,0.0,0.0,3.277141201708998e-06
1549,1.9967423863168472e-05,0.0,0.0,3.277141201708998e-06
1550,2.4290189555488594e-05,0.0,0.0,3.277141201708998e-06
1551,1.8865097315158762e-05,0.0,0.0,3.277141201708998e-06
1552,1.925561121294907e-05,0.0,0.0,3.277141201708998e-06
1553,1.8136786431049196e-05,0.0,0.0,3.277141201708998e-06
1554,1.4859645229340199e-05,1.8513204330312355e-05,0.0,0.0
1555,1.6384861737606116e-05,1.9114189334296888e-05,0.0,0.0
1556,1.7779488708973596e-05,1.9114189334296888e-05,0.0,0.0
1557,1.3456723016653477e-05,1.9114189334296888e-05,0.0,0.0
1558,1.891311226894946e-05,1.9114189334296888e-05,0.0,6.820486565369979e-07
1559,2.2184450374749887e-05,1.9114189334296888e-05,0.0,6.820486565369979e-07
1560,3.1606945412931964e-05,1.9562879580397358e-05,0.0,6.820486565369979e-07
1561,3.1606945412931964e-05,1.0496752500850043e-06,0.0,6.820486565369979e-07
1562,3.155646455914913e-05,4.4869024610047094e-07,0.0,6.820486565369979e-07
1563,2.576582833821054e-05,4.4869024610047094e-07,0.0,6.820486565369979e-07
1564,2.576582833821054e-05,4.4869024610047094e-07,0.0,6.820486565369979e-07
1565,2.7392043323613636e-05,1.460490888608287e-06,0.0,0.0
1566,2.812983218193819e-05,1.460490888608287e-06,0.0,0.0
1567,3.09904892544312e-05,1.011800642507816e-06,0.0,0.0
1568,3.09904892544312e-05,1.011800642507816e-06,0.0,0.0
1569,3.1148586718440387e-05,1.011800642507816e-06,0.0,0.0
1570,3.069396500775058e-05,1.011800642507816e-06,0.0,0.0
1571,4.7856926227853235e-05,1.011800642507816e-06,0.0,0.0
1572,4.3894086827224654e-05,0.0,0.0,0.0
1573,4.508827052112403e-05,0.0,0.0,0.0
1574,3.7707522486536095e-05,5.447115459641541e-07,0.0,0.0
1575,4.0222081744494585e-05,5.447115459641541e-07,0.0,0.0
1576,4.191672035501272e-05,5.447115459641541e-07,0.0,0.0
1577,4.44681962627718e-05,5.447115459641541e-07,0.0,0.0
1578,3.621902007060791e-05,5.447115459641541e-07,0.0,0.0
1579,4.2153822765353e-05,5.447115459641541e-07,0.0,0.0
1580,4.424002586996981e-05,1.5351723894647357e-06,0.0,1.980921687001163e-06
1581,4.111754398244167e-05,9.904608435005815e-07,0.0,1.980921687001163e-06
1582,4.153585437701882e-05,9.904608435005815e-07,0.0,1.980921687001163e-06
1583,3.973235860550111e-05,9.904608435005815e-07,0.0,1.980921687001163e-06
1584,4.797022146314183e-05,9.904608435005815e-07,0.0,1.980921687001163e-06
1585,4.622772368228263e-05,9.904608435005815e-07,0.0,2.3583578630288164e-06
1586,3.932983768858581e-05,9.904608435005815e-07,0.0,2.3583578630288164e-06
1587,3.224164395630526e-05,0.0,0.0,3.774361760276536e-07
1588,3.514826273333581e-05,0.0,0.0,3.774361760276536e-07
1589,3.6696828439224714e-05,0.0,0.0,3.774361760276536e-07
1590,4.219130629020843e-05,0.0,0.0,3.774361760276536e-07
1591,3.486690249181785e-05,0.0,0.0,9.10503104023519e-07
1592,4.0828995224728715e-05,0.0,0.0,1.1300387216449183e-06
1593,4.604044573040612e-05,2.2327672663128135e-07,0.0,1.1300387216449183e-06
1594,5.363251823707417e-05,2.2327672663128135e-07,0.0,1.1300387216449183e-06
1595,5.6158730720718654e-05,2.2327672663128135e-07,0.0,1.5808358122220462e-06
1596,5.315022294131008e-05,2.2327672663128135e-07,0.0,1.5808358122220462e-06
1597,5.192011160813438e-05,2.2327672663128135e-07,0.0,1.5808358122220462e-06
1598,5.854050933911432e-05,2.2327672663128135e-07,0.0,1.136236716904802e-06
1599,4.6939974319164844e-05,3.4118787490504996e-07,0.0,5.392649232557492e-07
1600,4.425810987283642e-05,2.244172329873046e-07,0.0,5.392649232557492e-07
1601,3.8328230402839836e-05,2.244172329873046e-07,0.0,5.392649232557492e-07
1602,3.28902892111468e-05,2.244172329873046e-07,0.0,1.9286855084439075e-07
1603,3.636268294420526e-05,2.244172329873046e-07,0.0,1.9286855084439075e-07
1604,3.1728783012243055e-05,2.244172329873046e-07,0.0,7.036794938487998e-07
1605,2.5241430843639785e-05,2.244172329873046e-07,0.0,6.152116611701786e-07
1606,3.203691721864743e-05,1.8658619183042902e-07,0.0,6.152116611701786e-07
1607,3.6308614263751747e-05,8.008010711689297e-08,0.0,6.152116611701786e-07
1608,3.403438768145861e-05,8.008010711689297e-08,0.0,1.0145668544022816e-06
1609,3.4523663219130996e-05,8.008010711689297e-08,0.0,1.4761880850398614e-06
1610,3.187241054547485e-05,8.008010711689297e-08,0.0,1.6036363490457006e-06
1611,3.089034466289117e-05,8.008010711689297e-08,0.0,1.0928254060412916e-06
1612,3.26723786981477e-05,8.008010711689297e-08,0.0,1.0928254060412916e-06
1613,3.185514002065507e-05,0.0,0.0,1.0928254060412916e-06
1614,2.652288250309149e-05,0.0,0.0,1.7520449010329945e-06
1615,3.0185019308451695e-05,0.0,0.0,1.7336329603624887e-06
1616,3.548984672566543e-05,0.0,0.0,1.8884600763158232e-06
1617,3.8508055565346566e-05,0.0,0.0,1.8845531469326358e-06
1618,4.068645674643838e-05,0.0,0.0,2.179984570765165e-06
1619,4.329639159550425e-05,0.0,0.0,2.179984570765165e-06
1620,4.021781127708631e-05,0.0,0.0,2.179984570765165e-06
1621,4.69403483813429e-05,0.0,0.0,1.8776010668781446e-06
1622,5.091702457450863e-05,0.0,0.0,1.5670062225581205e-06
1623,4.765873641840049e-05,0.0,0.0,8.461571578014368e-07
1624,4.5333102856862494e-05,0.0,0.0,7.226158231787849e-07
1625,5.253068853302726e-05,0.0,0.0,8.425078509130149e-07
1626,4.660733546708278e-05,0.0,0.0,8.425078509130149e-07
1627,5.0962246599997994e-05,0.0,0.0,1.321821888008604e-06
1628,4.8213350835015133e-05,0.0,0.0,1.030497522996094e-06
1629,4.538504267007478e-05,0.0,0.0,1.4553251941963805e-06
1630,4.7025596489090405e-05,0.0,0.0,1.7140721817148524e-06
1631,4.74397517921586e-05,0.0,0.0,2.110832099333493e-06
1632,4.369054230275131e-05,0.0,0.0,1.9703870504729693e-06
1633,4.8341493051598915e-05,0.0,0.0,2.6558510545068463e-06
1634,4.424395956448279e-05,0.0,0.0,2.5467914984541755e-06
1635,4.100755592974435e-05,0.0,0.0,2.8105587261961773e-06
1636,3.8212874122629205e-05,0.0,0.0,2.5759158818670713e-06
1637,3.840714375006168e-05,0.0,0.0,2.8292897695791908e-06
1638,4.658797063582044e-05,0.0,0.0,2.4998648890622074e-06
1639,4.8675512516638264e-05,0.0,0.0,2.45859718412638e-06
1640,5.696794167826218e-05,0.0,0.0,1.7731331800925027e-06
1641,5.860859320299434e-05,0.0,0.0,1.5223228737275868e-06
1642,6.169418702484109e-05,0.0,0.0,1.1930440198934126e-06
1643,6.145125683230747e-05,0.0,0.0,1.2034781328955951e-06
1644,6.245540082870451e-05,0.0,0.0,1.1496645981878828e-06
1645,5.470488758874126e-05,0.0,0.0,1.082329561086226e-06
1646,4.7155219882759934e-05,0.0,0.0,1.150934078201057e-06
1647,3.963652332978589e-05,1.040455523642387e-07,0.0,1.567116287658012e-06
1648,4.045846279560854e-05,1.040455523642387e-07,0.0,1.4935213487530876e-06
1649,3.8251185157735434e-05,1.040455523642387e-07,0.0,1.4935213487530876e-06
1650,3.82464261617445e-05,1.040455523642387e-07,0.0,1.3982345470659702e-06
1651,3.905184660522666e-05,1.4704563357424506e-07,0.0,1.1549276125931231e-06
1652,3.917340291081928e-05,1.4704563357424506e-07,0.0,1.3776132001502056e-06
1653,4.1956610013065596e-05,1.4704563357424506e-07,0.0,1.1507737635188927e-06
1654,3.857216584687454e-05,8.448326736600262e-08,0.0,9.00524298685923e-07
1655,3.786912280442526e-05,8.448326736600262e-08,0.0,1.028984205017228e-06
1656,3.80647416022839e-05,8.448326736600262e-08,0.0,1.2102135298976333e-06
1657,3.8301195153118374e-05,8.448326736600262e-08,0.0,1.2013595827348972e-06
1658,3.72625968988619e-05,4.1483186155996266e-08,0.0,1.308052974634068e-06
1659,3.990420087315475e-05,4.1483186155996266e-08,0.0,1.4392064307295577e-06
1660,4.697001687808162e-05,4.1483186155996266e-08,0.0,1.5241802527400848e-06
1661,5.1194172036567966e-05,0.0,0.0,1.4926183260805764e-06
1662,5.396090273279697e-05,0.0,0.0,1.4401087631605542e-06
1663,5.529060581466183e-05,0.0,0.0,1.2588794382801488e-06
1664,5.5672200167984034e-05,0.0,0.0,1.131355820202121e-06
1665,5.761819816793182e-05,0.0,0.0,9.419368690747174e-07
1666,5.5857680958329835e-05,0.0,0.0,6.679946206337004e-07
1667,5.251532326967988e-05,3.245231588217783e-08,0.0,6.374542838979583e-07
1668,5.0047263357555494e-05,3.245231588217783e-08,0.0,7.218495535913203e-07
1669,5.038644979192343e-05,3.245231588217783e-08,0.0,8.396827126944117e-07
1670,4.856696042614723e-05,3.245231588217783e-08,3.864916818331819e-08,9.556302131841221e-07
1671,5.1472849008860067e-05,7.15625085539224e-08,3.864916818331819e-08,1.190098584759523e-06
1672,5.14666509323953e-05,7.15625085539224e-08,3.864916818331819e-08,1.082424339366688e-06
1673,5.331346983439289e-05,7.15625085539224e-08,3.864916818331819e-08,1.1509847703499482e-06
1674,5.284701910568401e-05,3.911019267174457e-08,3.864916818331819e-08,1.1512976040454044e-06
1675,5.298982588491137e-05,3.911019267174457e-08,3.864916818331819e-08,1.0354870149902645e-06
1676,5.2539131242416e-05,3.911019267174457e-08,3.864916818331819e-08,9.246938077467348e-07
1677,5.4645139503658614e-05,3.911019267174457e-08,0.0,9.766772929456887e-07
1678,5.065982466995982e-05,0.0,0.0,8.024987932588244e-07
1679,8.836244004279641e-05,0.0,0.0,8.701852688578324e-07
1680,8.74563806324399e-05,0.0,0.0,9.208492558952588e-07
1681,8.318272765401551e-05,0.0,0.0,8.578547010529292e-07
1682,8.219708745725387e-05,2.016103297007378e-08,0.0,7.750602354203043e-07
1683,7.679972129283539e-05,2.016103297007378e-08,0.0,8.227585307655058e-07
1684,7.366231121912798e-05,2.016103297007378e-08,0.0,6.840491246456233e-07
1685,7.588925629014349e-05,2.016103297007378e-08,0.0,6.248679349190362e-07
1686,4.2399038907855614e-05,2.016103297007378e-08,0.0,5.878392711013345e-07
1687,4.3340138290659525e-05,1.0256121234825904e-07,0.0,4.711182372472779e-07
1688,4.4234337110538036e-05,1.0256121234825904e-07,0.0,4.971738515483334e-07
1689,4.5938899087819406e-05,8.240017937818525e-08,0.0,5.401551581891389e-07
1690,8.628539113228076e-05,8.240017937818525e-08,0.0,4.051579135680835e-07
1691,8.564815055121602e-05,8.240017937818525e-08,0.0,4.00402387055822e-07
1692,8.190178206340144e-05,8.240017937818525e-08,0.0,3.599907237068172e-07
1693,7.557367436155411e-05,8.240017937818525e-08,0.0,3.674346982864206e-07
1694,7.317430208786391e-05,0.0,0.0,3.825767212869583e-07
1695,7.228265686925235e-05,0.0,0.0,3.359139749850978e-07
1696,7.00928300960056e-05,0.0,0.0,2.7277163537421855e-07
1697,2.9132162256116446e-05,7.347074821544603e-09,0.0,2.3123105360614966e-07
1698,3.392255946112398e-05,7.347074821544603e-09,0.0,2.3787881226715918e-07
1699,3.432539675226768e-05,7.347074821544603e-09,0.0,2.509483526377413e-07
1700,3.145825004529408e-05,7.347074821544603e-09,0.0,1.8824596484786786e-07
1701,3.131804753918134e-05,7.347074821544603e-09,0.0,9.070376246914488e-08
1702,3.077469903343756e-05,7.347074821544603e-09,0.0,6.815367165862491e-08
1703,3.108695766838666e-05,7.347074821544603e-09,0.0,9.023609136095598e-08
1704,3.109475177812523e-05,0.0,0.0,9.023609136095598e-08
1705,2.8273325629665385e-05,9.157804673317775e-09,0.0,6.828008431674399e-08
1706,2.9318468088084565e-05,2.023318756982917e-08,0.0,5.52105439461619e-08
1707,3.131474295514636e-05,3.238564058197621e-08,0.0,6.736299695830894e-08
1708,3.26850765434626e-05,8.061497526666375e-08,0.0,9.630059898719473e-08
1709,3.3382618961955556e-05,8.061497526666375e-08,0.0,7.233027941668166e-08
1710,3.530103172774294e-05,8.061497526666375e-08,0.0,8.467790633760939e-08
1711,3.694936016732494e-05,8.061497526666375e-08,0.0,9.437023505500162e-08
1712,3.4960963863081164e-05,8.232059047129172e-08,0.0,1.1780269103058214e-07
1713,3.351658259426975e-05,8.206322275684994e-08,0.0,1.394387213947214e-07
1714,3.2040316779914845e-05,6.991076974470292e-08,0.0,1.368578789343441e-07
1715,3.0479411569623543e-05,2.1681435060015375e-08,0.0,1.532096902678859e-07
1716,3.0193951585845624e-05,2.1681435060015375e-08,0.0,1.6206464843142904e-07
1717,2.8754507314131062e-05,3.696424601327765e-08,0.0,1.429174127614325e-07
1718,3.0105770617540528e-05,3.696424601327765e-08,0.0,1.8741737863235487e-07
1719,3.3444785783233654e-05,3.268569719645191e-08,0.0,2.0092121490376614e-07
1720,3.633062468517372e-05,2.1867682014382287e-08,0.0,1.8834631276831715e-07
1721,3.672900727126814e-05,3.0627740090137327e-08,0.0,2.0505487644381253e-07
1722,3.841558749887294e-05,3.835532678765828e-08,0.0,1.674930497789059e-07
1723,4.193695765154969e-05,4.453050296758322e-08,0.0,1.648132677952877e-07
1724,4.194756391890613e-05,3.511861176467132e-08,0.0,1.554013765923758e-07
1725,4.196471646927031e-05,4.247156480476276e-08,0.0,1.1591498808424408e-07
1726,4.1754173642922456e-05,4.2274191766214897e-08,0.0,8.259588720907881e-08
1727,4.2355771646335984e-05,4.2274191766214897e-08,0.0,1.1459105512098436e-07
1728,4.406301845197699e-05,3.351413369045986e-08,0.0,8.831088089371925e-08
1729,4.363510691161666e-05,2.5786546992938904e-08,0.0,9.33272476442783e-08
1730,4.237562565582006e-05,1.9611370813013958e-08,0.0,8.715207146435335e-08
1731,4.373399653039607e-05,1.3740451062663591e-08,0.0,1.0218137041257641e-07
1732,4.264819290256128e-05,2.5163070103774643e-08,0.0,9.373398819028417e-08
1733,4.174703956648175e-05,3.9849879840403446e-08,0.0,8.798376173656055e-08
1734,4.2422828950553336e-05,3.9849879840403446e-08,0.0,5.208919720952768e-08
1735,4.1866935394604555e-05,5.925065847480125e-08,0.0,6.502304929410587e-08
1736,4.2675331185039666e-05,5.925065847480125e-08,0.0,6.881607055626254e-08
1737,4.157677904004231e-05,8.00155431436776e-08,6.921628222958784e-09,7.573769877922132e-08
1738,4.3547828162055726e-05,8.00155431436776e-08,6.921628222958784e-09,6.582111262381269e-08
1739,4.368544146668033e-05,6.447088754920774e-08,6.921628222958784e-09,6.925533771858941e-08
1740,4.218981614810348e-05,4.339657979000679e-08,6.921628222958784e-09,6.971784673380301e-08
1741,3.9092819081685904e-05,6.12206316117993e-08,6.921628222958784e-09,8.238016694203257e-08
1742,3.721210019388569e-05,4.1819852977401495e-08,6.921628222958784e-09,7.582368713851143e-08
1743,3.470392013176544e-05,6.108264015227047e-08,6.921628222958784e-09,5.928671242827477e-08
1744,3.7426575675324004e-05,4.031775548339413e-08,0.0,5.682914456477712e-08
1745,3.445353104325477e-05,5.2940907530845445e-08,0.0,5.8468664069063636e-08
1746,3.475486118986737e-05,7.957785389375463e-08,0.0,4.877591511639626e-08
1747,3.6990391631011986e-05,7.957785389375463e-08,0.0,5.376609176924571e-08
1748,3.895486718517661e-05,6.175380207196213e-08,0.0,3.958177176498014e-08
1749,4.2290714710751285e-05,6.175380207196213e-08,0.0,5.302552098994186e-08
1750,4.633674273333911e-05,6.558213527796397e-08,0.0,5.962298388340059e-08
1751,4.575474356118191e-05,6.915127391339735e-08,0.0,5.515892352393946e-08
1752,4.777701230653163e-05,5.652812186594604e-08,0.0,4.6434361625610366e-08
1753,4.9231633706118115e-05,8.701248813533116e-08,0.0,4.6434361625610366e-08
1754,4.872082146383556e-05,9.538062555642618e-08,0.0,4.232504378722167e-08
1755,4.9039182548377926e-05,1.030872410926317e-07,0.0,4.639192750590025e-08
1756,4.775742179065544e-05,1.0915818217581221e-07,0.0,3.2641747083062e-08
1757,4.5870557057371896e-05,9.520243158890804e-08,0.0,3.213453071891438e-08
1758,4.515190188872761e-05,9.474087774614353e-08,0.0,4.456486988958984e-08
1759,4.5385638389104444e-05,9.474087774614353e-08,0.0,4.0666279740467614e-08
1760,4.547026089442495e-05,4.237274937273534e-08,0.0,5.9295849500326115e-08
1761,4.566400613319794e-05,3.955574686845661e-08,2.7755674584081393e-09,5.370327953763925e-08
1762,5.298619362292811e-05,3.453171336177872e-08,2.7755674584081393e-09,5.404441009001662e-08
1763,5.4798138860080924e-05,2.8460772278598208e-08,2.7755674584081393e-09,5.365081813733598e-08
1764,5.5598535774541756e-05,2.494676186261456e-08,2.7755674584081393e-09,5.318193098600789e-08
1765,5.5951827172456046e-05,2.1839177069945696e-08,2.7755674584081393e-09,4.664640864047799e-08
1766,5.436614914547785e-05,2.5240229208277143e-08,2.7755674584081393e-09,5.344851291714089e-08
1767,5.3627898263844796e-05,2.0200630755441906e-08,2.7755674584081393e-09,3.4818943157282385e-08
1768,5.6240104770820055e-05,2.2696133480540733e-08,0.0,3.7407800793484314e-08
1769,4.869692254162926e-05,2.61060707020176e-08,0.0,3.240631433040367e-08
1770,4.930771787517837e-05,3.475483545400948e-08,0.0,2.6728965199903802e-08
1771,5.0256819252224106e-05,3.439876371049065e-08,0.0,2.1107605821920775e-08
1772,5.2032862835663506e-05,5.812349941030399e-08,0.0,2.575711631282372e-08
1773,5.295160008245148e-05,5.7317638127837456e-08,0.0,2.9335775459620502e-08
1774,5.279975084704347e-05,5.704559897472856e-08,0.0,2.9335775459620502e-08
1775,5.4510098769761885e-05,5.477633965459258e-08,0.0,2.9748728686789557e-08
1776,5.580644886192333e-05,4.868382040358808e-08,0.0,3.212720806849185e-08
1777,5.600679651251994e-05,5.7543356492471635e-08,0.0,4.088135848892957e-08
1778,5.549551653010505e-05,6.062150020064954e-08,0.0,4.3662502185221845e-08
1779,5.532741332509821e-05,4.4581821662908235e-08,0.0,4.080323203124538e-08
1780,5.609111290790939e-05,4.9034051485818964e-08,0.0,3.746988928656135e-08
1781,5.834990900309224e-05,5.209913871746201e-08,0.0,4.129492303661664e-08
1782,5.7605325959489816e-05,5.711242780291416e-08,4.316266962892509e-09,3.983381167773002e-08
1783,5.718646830895783e-05,5.711242780291416e-08,4.316266962892509e-09,4.31074688326102e-08
1784,5.830557503421525e-05,4.293307119342314e-08,4.316266962892509e-09,3.601779052786469e-08
1785,6.218584322985927e-05,4.4298373984880916e-08,4.316266962892509e-09,3.809101389862235e-08
1786,6.506298502374972e-05,3.7953415140837676e-08,5.6563652809212985e-09,4.3806939916838216e-08
1787,6.578076395921276e-05,3.86408439214035e-08,5.6563652809212985e-09,4.1916085713467055e-08
1788,6.383418336294458e-05,4.7275366351787595e-08,6.962917353803277e-09,4.462381232782166e-08
1789,6.135176902586994e-05,3.997485339571735e-08,2.6466503909107685e-09,4.728785426725121e-08
1790,6.62607557647529e-05,5.2128185450734625e-08,2.6466503909107685e-09,4.190400344177598e-08
1791,6.421344317329516e-05,5.4229072280317525e-08,2.6466503909107685e-09,4.6755329005268975e-08
1792,6.120407384254836e-05,5.322643456143591e-08,2.6466503909107685e-09,4.2989223990121313e-08
1793,5.7958075818273104e-05,6.569064581185557e-08,1.3065520728819786e-09,3.5504373409521254e-08
1794,5.703366800194739e-05,5.8953781919715964e-08,2.3045376400838383e-09,3.633572008356266e-08
1795,6.0105935387712505e-05,4.73215253649073e-08,2.8245298163856856e-09,3.436932046899496e-08
1796,6.228888170361253e-05,4.667585568845263e-08,2.8245298163856856e-09,3.212981969369366e-08
1797,5.8660542500937094e-05,3.7924065538723946e-08,2.8245298163856856e-09,4.072067064494636e-08
1798,5.92883162815789e-05,3.943811486907732e-08,2.8245298163856856e-09,4.2884722947381504e-08
1799,5.992911194750507e-05,3.373586629099431e-08,2.8245298163856856e-09,5.3211083285629816e-08
1800,6.012876266530449e-05,2.6106515171875344e-08,2.8245298163856856e-09,6.91131378159428e-08
1801,6.072804535506293e-05,3.253797713804423e-08,1.8265442491838257e-09,7.566241728389806e-08
1802,6.0344191816901525e-05,3.28370483820046e-08,0.0,8.932938300176829e-08
1803,6.008243404461869e-05,3.3502563263303793e-08,3.5099995925642295e-10,1.0319157236641071e-07
1804,6.049021249054931e-05,3.559241739432244e-08,3.5099995925642295e-10,1.1447207067963713e-07
1805,6.100787972432694e-05,3.514047465712013e-08,3.5099995925642295e-10,1.27085775553886e-07
1806,6.2058493702872e-05,3.7307628986127384e-08,1.64375050079205e-09,1.2963285911382627e-07
1807,6.177681747690908e-05,3.61539801271452e-08,1.8529717284364112e-09,1.2915523634709253e-07
1808,6.226285976091666e-05,3.1784253958936204e-08,1.8529717284364112e-09,1.406250882090327e-07
1809,6.263632011333746e-05,3.1278313780295064e-08,2.2148213580613127e-09,1.502541826831865e-07
1810,6.445798706928534e-05,2.8204189428393533e-08,2.9535096114839477e-09,1.545346382921967e-07
1811,6.492505833323645e-05,2.3884713096222754e-08,2.9535096114839477e-09,1.5080261001847767e-07
1812,6.554523705355158e-05,1.90637332903825e-08,2.9535096114839477e-09,1.4979925668155503e-07
1813,6.5770424823443e-05,2.53375160535236e-08,1.6607590699483206e-09,1.5717528510452083e-07
1814,6.717691056629909e-05,2.407745301548557e-08,1.6604959788121425e-09,1.6070073830373337e-07
1815,6.809408660046756e-05,2.2369716587026086e-08,1.853636688586846e-09,1.618019861585448e-07
1816,6.767719085993511e-05,2.5161605465839898e-08,1.8721324966465757e-09,1.542880454508122e-07
1817,6.689551290557054e-05,2.9352114516711936e-08,1.296486997125003e-09,1.564213383582163e-07
1818,7.075269864539482e-05,3.49835197001523e-08,1.6545567297196077e-09,1.665082253664098e-07
1819,6.984172380595868e-05,3.9324459371365654e-08,1.6545567297196077e-09,1.653057982561482e-07
1820,6.992470714197095e-05,3.2154185346046556e-08,2.0967475216388768e-09,1.6607760398658555e-07
1821,6.968586032079267e-05,3.5591977111591536e-08,2.1448978942168698e-09,1.5715231427293475e-07
1822,7.127126757820536e-05,4.6342575237596454e-08,2.326063897051256e-09,1.6398486073805024e-07
1823,7.193789497250691e-05,4.2843755083359676e-08,2.5075695329692037e-09,1.6737458809399997e-07
1824,7.139538398145564e-05,4.036329099526321e-08,2.1276468364916923e-09,1.6354880472135847e-07
1825,6.766895863360592e-05,3.583906847483474e-08,2.276044321268346e-09,1.5300057246544645e-07
1826,6.832165984503393e-05,3.5278089909646885e-08,2.394542564232438e-09,1.5512398273845713e-07
1827,6.823263018824426e-05,4.9408006194287934e-08,2.788916621452943e-09,1.5288285786547412e-07
1828,6.853919226809271e-05,5.0263007343533313e-08,2.7524667307281855e-09,1.587873340115818e-07
1829,6.633075723324769e-05,3.9214538473584885e-08,2.870079983198691e-09,1.46171921804645e-07
1830,6.732543468907741e-05,4.634714980054712e-08,2.594142551564411e-09,1.4988142181339625e-07
1831,6.878770260040515e-05,4.4851492171054426e-08,3.1102851722713306e-09,1.5804517212408037e-07
1832,7.008967388953482e-05,4.4105080096049476e-08,2.944415790549572e-09,1.6332024748472967e-07
1833,7.186289648026494e-05,4.4015248208089426e-08,3.1558305968459877e-09,1.6099658393743864e-07
1834,7.378591440751084e-05,2.743814534308545e-08,2.7345667159244566e-09,1.615609761529413e-07
1835,7.585703653083848e-05,2.1562474345720213e-08,2.9328250938931433e-09,1.5756163561166302e-07
1836,7.793892291374505e-05,2.313550132423562e-08,2.741149846790287e-09,1.5797729905183848e-07
1837,7.841562598644356e-05,1.7739178951156224e-08,2.455236204821988e-09,1.4973506219056227e-07
1838,7.86083286844327e-05,2.0065620403337496e-08,1.8049735674350943e-09,1.4358337604595102e-07
1839,7.961620056968448e-05,2.2170438945019148e-08,1.7675014785112353e-09,1.414439582601647e-07
1840,7.925241931973557e-05,2.1798025733638885e-08,1.739932293481112e-09,1.4674394524912975e-07
1841,7.92590290075168e-05,2.081043274212594e-08,1.8144746023145736e-09,1.5220285425649698e-07
1842,7.762916564908145e-05,2.155120526481369e-08,1.5780039180108523e-09,1.5710196521467878e-07
1843,7.789184538913625e-05,2.4366749887657794e-08,1.867929969431462e-09,1.5906604541474474e-07
1844,7.70355254644528e-05,2.2006536275804526e-08,2.268627095704444e-09,1.6470379802870282e-07
1845,7.630132313352078e-05,2.023112991419599e-08,2.6023209301736674e-09,1.6732867282241516e-07
1846,7.662699811459918e-05,2.311567102810029e-08,2.6252976935227578e-09,1.7565846681983593e-07
1847,7.69814131282536e-05,2.0551215713331724e-08,2.686586635698112e-09,1.9110693269145225e-07
1848,7.705177891434037e-05,2.1023988518363368e-08,2.5795570758800424e-09,2.0628565826947514e-07
1849,7.893517509468697e-05,1.960955448814567e-08,3.0419852034161263e-09,2.3695778444172382e-07
1850,8.016870768707511e-05,1.544855621204988e-08,3.211332977315351e-09,2.6319722426900884e-07
1851,8.219448084543859e-05,1.5314322508532185e-08,3.5070647973002777e-09,2.852468818608551e-07
1852,8.473475983399632e-05,1.573099504627505e-08,3.9823560956823e-09,3.0573337791598275e-07
1853,8.446382811858452e-05,1.1091059372501734e-08,4.042328313350449e-09,3.348756893371631e-07
1854,8.566059529714818e-05,1.0838420827496975e-08,4.335219675307858e-09,3.514987879173402e-07
1855,8.49114907655998e-05,1.351604961286057e-08,4.739932192774989e-09,3.602000049340859e-07
1856,8.527952325364043e-05,1.4844174524496014e-08,4.393250588715805e-09,3.5424526296472844e-07
1857,8.357410427249436e-05,2.6462459398349632e-08,4.211342766577023e-09,3.577561398872474e-07
1858,8.379960906625326e-05,2.637386144397981e-08,3.802931398360394e-09,3.6719949646015137e-07
1859,8.140037139777892e-05,2.5608902617538628e-08,3.6032401506957967e-09,3.620733650677721e-07
1860,8.100729402420776e-05,2.4519726059070634e-08,3.7051270940224867e-09,3.47731526874538e-07
1861,7.949777604413352e-05,2.398625983549404e-08,3.726443058888711e-09,3.3468476447394225e-07
1862,8.155915981790583e-05,2.2559167486438777e-08,3.32894470719428e-09,3.402970654471054e-07
1863,8.023003361553751e-05,2.125394780806898e-08,3.4126549205585175e-09,3.530799119744188e-07
1864,8.259434564804126e-05,9.484258331074865e-09,3.4943758997485475e-09,3.758463386865125e-07
1865,8.143635724471616e-05,1.1910442917642935e-08,3.692850374698813e-09,3.755451416509459e-07
1866,8.514754673732179e-05,1.1853744652512432e-08,3.7913904079748104e-09,3.9164718503213537e-07
1867,8.617959766914802e-05,1.2875730132882218e-08,3.908403156671625e-09,4.010092839377778e-07
1868,8.815231038689879e-05,1.2940460829875228e-08,3.768303415339704e-09,4.0968892075657746e-07
1869,8.684401421175738e-05,1.1604582755048959e-08,4.169993271320647e-09,4.0093713339826665e-07
1870,8.861825959424355e-05,1.185090191059755e-08,4.506110024798155e-09,3.8554704977806456e-07
1871,8.70687300838264e-05,1.1369835993337217e-08,4.333691056806239e-09,3.628973104241595e-07
1872,8.816561499510758e-05,9.561508410424072e-09,4.3795712453434785e-09,3.628023047700221e-07
1873,8.574606908950955e-05,1.063761542344618e-08,4.178851106420975e-09,3.566134613005748e-07
1874,8.587753109168261e-05,1.0332839409496079e-08,4.845579556648058e-09,3.5373532877461654e-07
1875,8.496216573153756e-05,9.873560826077567e-09,4.749104506477206e-09,3.6005029154953914e-07
1876,8.65427583838547e-05,9.566365921642728e-09,4.647362463115558e-09,3.6861617656670986e-07
1877,8.558735550780381e-05,1.03439067470187e-08,4.313811054400065e-09,3.79474020714302e-07
1878,8.72954011096486e-05,1.1146104103180018e-08,4.407464076245609e-09,3.781933547283448e-07
1879,8.647660745607157e-05,1.0701143209652336e-08,4.433712857172216e-09,3.8076887319350915e-07
1880,8.737111784284934e-05,1.03743970874299e-08,4.518559399662487e-09,3.752154620022858e-07
1881,8.664661124514948e-05,1.0347832939722984e-08,4.004430850404869e-09,3.6987447466734533e-07
1882,8.796724536555953e-05,1.0886793942534366e-08,4.373405003223394e-09,3.6190241254579245e-07
1883,8.697260948663046e-05,1.1058995750902665e-08,3.972532969243048e-09,3.528966934546978e-07
1884,8.799812141140657e-05,9.880514438366715e-09,3.9236845518684865e-09,3.536594184489721e-07
1885,8.694654492761142e-05,9.677101025269102e-09,4.38795679156913e-09,3.501534341207194e-07
1886,8.7969952021792e-05,1.0704445964547306e-08,4.463873905434314e-09,3.393661854391082e-07
1887,8.652233892852175e-05,1.2087972654585753e-08,4.092985331613111e-09,3.430618643765878e-07
1888,8.787125677502315e-05,1.1360469200281744e-08,4.064487746369139e-09,3.4499552725719695e-07
1889,8.63124119600148e-05,1.0807974388476233e-08,3.6468116621739863e-09,3.3885863867258846e-07
1890,8.694719664552914e-05,1.1486503240628768e-08,3.762439042860015e-09,3.3685787213601414e-07
1891,8.574491533051644e-05,1.1829050818233457e-08,4.143760493465923e-09,3.242436353697745e-07
1892,8.561298454878852e-05,1.1839458492955503e-08,3.795541516003555e-09,3.1968221492206794e-07
1893,8.4809771838731e-05,1.021343790493948e-08,3.78366853721295e-09,3.191842178499168e-07
1894,8.653512902258496e-05,8.521376429878761e-09,4.313717097811523e-09,3.1449958929182943e-07
1895,8.490728734094384e-05,9.056740500414305e-09,4.7490567351664885e-09,3.1464656607178245e-07
1896,8.65371891580123e-05,8.640686325175499e-09,4.841003978636341e-09,3.145421731330446e-07
1897,8.506398132470037e-05,7.798825839090893e-09,5.105036139850329e-09,3.10866503079004e-07
1898,8.597758486368028e-05,6.696585127688845e-09,4.857087081739613e-09,3.045785531087729e-07
1899,8.500288095092401e-05,6.622080407834931e-09,4.68867135592989e-09,3.065595990392467e-07
1900,8.54061810449431e-05,7.080554047839931e-09,4.680406728851949e-09,3.009639653685424e-07
1901,8.369863020821608e-05,6.8887526794014775e-09,4.580480502828063e-09,2.9796132545405793e-07
1902,8.463468423412581e-05,6.5787515752495955e-09,4.035922580263624e-09,2.9247333291745494e-07
1903,8.28343555830153e-05,6.577670091140979e-09,3.918012263832387e-09,2.8888549812628686e-07
1904,8.37984262034297e-05,6.7744478598236975e-09,3.8833986819903595e-09,2.8874906986077674e-07
1905,8.220349159923248e-05,7.09120869960397e-09,3.932799641503948e-09,2.9455288849281456e-07
1906,8.251077503830726e-05,7.210563638234849e-09,3.994165823481158e-09,2.924088643599784e-07
1907,8.080628841915833e-05,6.90181816460316e-09,4.610379887383585e-09,2.9107682004385946e-07
1908,8.147739988219525e-05,6.295662784745153e-09,4.3983683362114334e-09,2.895957607051969e-07
1909,8.102857620022925e-05,5.9205846574578965e-09,5.197953876846993e-09,2.850369225728043e-07
1910,8.308493228729017e-05,5.796382738866766e-09,5.520048037713618e-09,2.876745952562487e-07
1911,8.193589123298548e-05,5.537398983790354e-09,5.598772937328736e-09,2.8425277166986363e-07
1912,8.42903058842889e-05,5.428944532021822e-09,5.9884683878408396e-09,2.749215712226162e-07
1913,8.437979392640824e-05,4.7404961860714985e-09,6.285369875363196e-09,2.6864813662541565e-07
1914,8.802016028701993e-05,4.563481465729475e-09,6.5017877431167955e-09,2.680585079620609e-07
1915,8.709128971012043e-05,4.825602711073478e-09,7.3536416955732875e-09,2.690890669652747e-07
1916,8.79174008982123e-05,4.9116239964064334e-09,7.078139281040714e-09,2.740784574533401e-07
1917,8.643216694638665e-05,5.005010628167383e-09,7.143594414417618e-09,2.7078153509916903e-07
1918,8.88521598036667e-05,4.9005315361227986e-09,7.250393491935776e-09,2.7326888130119187e-07
1919,8.715965980497588e-05,4.760803243694259e-09,7.450352969483122e-09,2.7598723103697663e-07
1920,8.9590298427668e-05,4.795639060465159e-09,7.67756144374029e-09,2.636796157925606e-07
1921,8.803258034666734e-05,5.08468207221264e-09,7.045765621731854e-09,2.4384152246576765e-07
1922,9.229775917317186e-05,5.011312000289893e-09,6.479268042726614e-09,2.2343321859352727e-07
1923,9.296567441197112e-05,5.546598482096345e-09,5.5317540231009894e-09,2.0009331283940161e-07
1924,9.605220319437129e-05,6.522867515964695e-09,5.436985702925565e-09,1.8176451378946824e-07
1925,9.528011391271971e-05,6.8649632010777035e-09,5.3074673386380564e-09,1.612757825699061e-07
1926,9.927521438969831e-05,6.893699262227366e-09,4.7266472482019955e-09,1.455087458777728e-07
1927,9.792744822334498e-05,7.335495068515132e-09,4.295119165093857e-09,1.4024211176482432e-07
1928,0.0001005589188675263,7.272971494895078e-09,4.1641670905130064e-09,1.376339854784549e-07
1929,9.808899838909773e-05,7.2518969242350656e-09,3.945344130760832e-09,1.3142508643276024e-07
1930,0.00010033004842365958,7.521731364741008e-09,4.293464409396311e-09,1.250629740720147e-07
1931,9.831768381575654e-05,6.812701577477551e-09,4.394840396366411e-09,1.19358863871964e-07
1932,0.00010145115084014833,6.654183045843151e-09,4.319409560186013e-09,1.1664550925161166e-07
1933,9.98420624195465e-05,6.731254537888682e-09,4.209190234456222e-09,1.0996537826356092e-07
1934,0.00010278249724901148,7.212563625712067e-09,4.268478745065149e-09,1.072547703984128e-07
1935,0.00010089807931633134,7.615411920117562e-09,4.139752509045382e-09,1.0732140915641658e-07
1936,0.00010354494172913422,8.201986455093544e-09,4.220284693141301e-09,1.112785251880918e-07
1937,0.00010199992643070541,7.624618904498805e-09,4.236797262231156e-09,1.1719303419762842e-07
1938,0.00010446997163983594,7.706415569178456e-09,4.280873243191406e-09,1.1651026657740918e-07
1939,0.00010113946440729446,7.656870629598903e-09,4.28849946030953e-09,1.1545271202554172e-07
1940,0.0001014372256966973,7.797744672188855e-09,4.8516345861417315e-09,1.1583756734775566e-07
1941,9.773680877905073e-05,7.796971956963716e-09,5.07544469944118e-09,1.1770923334454762e-07
1942,9.789980893921373e-05,7.986445029116242e-09,5.267127749825866e-09,1.155199050068794e-07
1943,9.510167624934443e-05,7.801317623647362e-09,5.5390126136550015e-09,1.1318547369195845e-07
1944,9.525699091942183e-05,7.507232169245981e-09,5.793719091786085e-09,1.1043283519386802e-07
1945,9.143496052794424e-05,7.370894434493331e-09,5.758432080377978e-09,1.0882216575477546e-07
1946,9.216019472140553e-05,7.302114722408857e-09,5.9303904644179644e-09,1.0727244768661746e-07
1947,8.97748551713968e-05,7.30074794270357e-09,5.7780952720877716e-09,1.0833252974050214e-07
1948,9.092464460991323e-05,6.46406947016739e-09,5.548145308255568e-09,1.0674133018743045e-07
1949,8.868437829992868e-05,6.24144171266851e-09,5.515162739198689e-09,1.046069531948238e-07
1950,8.937462033437831e-05,6.383693827517943e-09,5.486108519850827e-09,1.0265752540103027e-07
1951,8.661959145683795e-05,6.469251420274499e-09,5.415051074209032e-09,9.740706527086981e-08
1952,8.933907728143302e-05,6.368457190169303e-09,5.304230642013051e-09,9.761628153423122e-08
1953,8.847954138348411e-05,6.1529321954927644e-09,5.1531803586207e-09,9.725373826898118e-08
1954,9.095375467690506e-05,5.937023380856285e-09,5.312416601859533e-09,9.46865006718716e-08
1955,8.927216965405802e-05,6.114861252269423e-09,5.142392416652391e-09,9.012175183897853e-08
1956,9.115271158017484e-05,5.85440692749525e-09,5.788402202000498e-09,8.839822588210414e-08
1957,8.965959256914045e-05,5.37926598503142e-09,5.558278535845927e-09,8.47752679484464e-08
1958,9.124377642625145e-05,5.488879509637659e-09,5.670499244761881e-09,8.499545194646479e-08
1959,8.752710086160473e-05,5.385470165058288e-09,5.745879454772356e-09,8.345061530690145e-08
1960,8.796861740328106e-05,6.266478320376174e-09,5.833183142860727e-09,8.071244244385006e-08
1961,8.487942458097158e-05,6.196763927387597e-09,5.6452435107498135e-09,7.814269561582218e-08
1962,8.57107890104609e-05,6.354810455633242e-09,5.692073035135081e-09,7.916625171284458e-08
1963,8.369695154085224e-05,7.027955868060027e-09,5.074593697632476e-09,7.880401702615408e-08
1964,8.419241203228012e-05,7.2698560822053486e-09,5.150136824941651e-09,7.917384132432354e-08
1965,8.25336464913562e-05,7.479995860799299e-09,4.971967980184542e-09,8.130917551950136e-08
1966,8.355544767774907e-05,7.48958964688232e-09,4.818204628926586e-09,8.197461401745646e-08
1967,8.169322765232729e-05,6.872324487261494e-09,4.591788917350316e-09,8.32031150009373e-08
1968,8.192687736092401e-05,7.134124275458882e-09,4.19118790467061e-09,9.0964038333498e-08
1969,8.096823668373483e-05,6.88881332929928e-09,3.938157990189341e-09,9.034699794645868e-08
1970,8.091867493931204e-05,6.1429713379571436e-09,3.8092343882364534e-09,8.885903517758769e-08
1971,7.856918195362336e-05,5.89697122878517e-09,3.707593787538599e-09,8.704426436777015e-08
1972,7.752600712202755e-05,5.561242323791151e-09,3.472300193406243e-09,8.198495139920072e-08
1973,7.546652445203758e-05,5.28933500173626e-09,3.345932832386568e-09,7.964341364186112e-08
1974,7.447149671081985e-05,5.179577084695503e-09,3.1595387576085645e-09,7.641042693811479e-08
1975,7.268826656010268e-05,5.087159899679656e-09,3.2718928836114205e-09,6.568772395862002e-08
1976,7.098438904254831e-05,4.92831020437734e-09,3.2905297217159355e-09,6.231607179480697e-08
1977,6.936749975596155e-05,4.813272954809886e-09,3.0378525409499193e-09,5.9293182934944914e-08
1978,6.916765830413039e-05,4.990588006340399e-09,2.9627505528294152e-09,5.964826550146946e-08
1979,6.856767764215224e-05,4.937040744477729e-09,2.9825617848493788e-09,5.806548537228602e-08
1980,6.902854511281475e-05,5.505934438535373e-09,2.9752856051905904e-09,5.6018964451303484e-08
1981,6.823768905763115e-05,5.5183086037199504e-09,3.1229506916982277e-09,5.517936533091675e-08
1982,6.855984559349184e-05,5.641206930156224e-09,2.841808534524505e-09,5.532760383175628e-08
1983,6.833875418773719e-05,5.943911394825006e-09,2.752793992755187e-09,5.457292725655602e-08
1984,6.928250825564777e-05,5.820987374655877e-09,3.207521359627208e-09,5.6495397566485346e-08
1985,6.941975464412411e-05,5.580017083315982e-09,3.064235373376586e-09,5.505432148262506e-08
1986,7.004558990177299e-05,5.642601370275153e-09,3.036195390342706e-09,5.536155863897615e-08
1987,7.006583161585565e-05,5.207504776600607e-09,3.0308690795217378e-09,5.6836929067977896e-08
1988,7.135437356607457e-05,5.025366599044543e-09,2.7941878969325475e-09,5.724891037419054e-08
1989,7.146623205958999e-05,4.77667543614351e-09,2.976856285284514e-09,5.7692340809418445e-08
1990,7.238564597043608e-05,4.5392680725342416e-09,2.887882425258884e-09,5.9194492101661515e-08
1991,7.222057320177555e-05,4.546361382600545e-09,2.3018909794154344e-09,5.8544963670621135e-08
1992,7.307040816937973e-05,4.651281835878405e-09,2.5200324842750935e-09,5.927870664176485e-08
1993,7.37009073158593e-05,4.887047655444121e-09,2.3102411095266007e-09,6.070634433236982e-08
1994,7.488076620835013e-05,4.706219985146325e-09,2.128993457718918e-09,5.883541323977884e-08
1995,7.561653598843674e-05,4.5316693889471284e-09,2.066322351319221e-09,5.894005892871844e-08
1996,7.757131243124604e-05,4.451507987620776e-09,1.9248852987731523e-09,5.941323674310947e-08
1997,7.919566685034494e-05,4.20815170011833e-09,2.0588078384977037e-09,6.129612322476013e-08
1998,8.074236913151773e-05,4.071542373093198e-09,2.111995039173158e-09,6.45012079303342e-08
1999,8.279054288453023e-05,3.781972671542835e-09,1.7454671517670916e-09,6.605266175288957e-08
2000,8.423722777349343e-05,3.3244301280076017e-09,1.722524313661568e-09,6.751616865585675e-08
2001,8.565871498181618e-05,3.2184325363512502e-09,1.6500161395934958e-09,7.201875921022552e-08
2002,8.702119313446539e-05,3.3552114420132284e-09,1.7416413073639043e-09,7.488125370563076e-08
2003,8.76900480112194e-05,3.1370759323579023e-09,1.5841326504530328e-09,7.695922680081172e-08
2004,8.885445069089266e-05,3.157812487687904e-09,1.472534269123368e-09,7.848490720821896e-08
2005,9.051686668369387e-05,3.4167313422983625e-09,1.3235746942896753e-09,8.237534387944834e-08
2006,9.169541278554658e-05,3.4929357818823193e-09,1.3027680204455043e-09,8.537047538733792e-08
2007,9.262847015634179e-05,3.5145529978361114e-09,1.2612781136971713e-09,8.660557020740661e-08
2008,9.332317235280893e-05,3.546732082629741e-09,1.1371540534607254e-09,8.77029740260176e-08
2009,9.303107903438754e-05,3.22487722240591e-09,9.043555448157952e-10,8.876790198136015e-08
2010,9.399901838540765e-05,3.1696225326933406e-09,9.423506756668841e-10,9.074274791893394e-08
2011,9.455892411226938e-05,2.989531574674028e-09,7.527994239880137e-10,9.133200303982189e-08
2012,9.500674371208464e-05,2.607866272137065e-09,6.56026405817681e-10,8.913114157849122e-08
2013,9.500732890696131e-05,2.5741877518470346e-09,5.082069626238805e-10,8.655008900047636e-08
2014,9.473253677632394e-05,2.298287623706382e-09,3.8875812688069343e-10,9.101628149567529e-08
2015,9.340589271492458e-05,2.1569773903503832e-09,3.7957188384459984e-10,9.260152568556026e-08
2016,9.331115351025281e-05,2.1896175666264686e-09,3.859722382973782e-10,9.840971720060615e-08
2017,9.279668544574331e-05,2.1676806275886897e-09,2.7358110221697984e-10,9.990000293669254e-08
2018,9.195252059726044e-05,2.139762500519282e-09,2.8280183195228405e-10,1.0168180750724786e-07
2019,9.037499330588616e-05,2.151397060501381e-09,2.8808903179688983e-10,1.0508602699133007e-07
