ngram,village,vllage,vilage,vilage
1500,2.4114839334288263e-06,0.0,0.0,0.0
1501,1.929187146743061e-06,0.0,0.0,0.0
1502,1.6076559556192176e-06,0.0,0.0,0.0
1503,1.3779908191021865e-06,0.0,0.0,0.0
1504,4.197469674441631e-06,0.0,0.0,0.0
1505,5.92777541896794e-06,0.0,0.0,0.0
1506,5.92777541896794e-06,0.0,0.0,0.0
1507,5.92777541896794e-06,0.0,0.0,0.0
1508,5.92777541896794e-06,0.0,0.0,0.0
1509,5.92777541896794e-06,0.0,0.0,0.0
1510,5.92777541896794e-06,0.0,0.0,0.0
1511,2.8409745677241257e-06,0.0,0.0,0.0
1512,0.0,0.0,0.0,0.0
1513,0.0,0.0,0.0,0.0
1514,8.569834660322937e-07,0.0,0.0,0.0
1515,8.569834660322937e-07,0.0,0.0,0.0
1516,8.569834660322937e-07,0.0,0.0,0.0
1517,8.569834660322937e-07,0.0,0.0,0.0
1518,8.569834660322937e-07,0.0,0.0,0.0
1519,8.569834660322937e-07,0.0,0.0,0.0
1520,2.022122329695516e-05,0.0,0.0,0.0
1521,1.936423983092287e-05,0.0,0.0,0.0
1522,2.2537996691036305e-05,0.0,0.0,0.0
1523,3.239471672194278e-05,0.0,0.0,0.0
1524,3.239471672194278e-05,0.0,0.0,0.0
1525,3.239471672194278e-05,0.0,0.0,0.0
1526,3.239471672194278e-05,0.0,0.0,0.0
1527,1.3030476891019913e-05,0.0,0.0,0.0
1528,1.3030476891019913e-05,0.0,0.0,0.0
1529,9.856720030906477e-06,0.0,0.0,0.0
1530,0.0,0.0,0.0,0.0
1531,5.744848229889092e-06,0.0,0.0,0.0
1532,5.744848229889092e-06,0.0,0.0,0.0
1533,5.744848229889092e-06,0.0,0.0,0.0
1534,8.55378961464989e-06,0.0,0.0,0.0
1535,8.55378961464989e-06,0.0,0.0,0.0
1536,1.0342847157776955e-05,0.0,0.0,0.0
1537,1.0342847157776955e-05,0.0,0.0,0.0
1538,4.5979989278878615e-06,0.0,0.0,0.0
1539,4.5979989278878615e-06,0.0,0.0,0.0
1540,4.5979989278878615e-06,0.0,0.0,0.0
1541,1.7890575431270657e-06,0.0,0.0,0.0
1542,4.798350216463275e-06,0.0,0.0,0.0
1543,3.009292673336209e-06,0.0,0.0,0.0
1544,7.043335374744077e-06,0.0,0.0,0.0
1545,7.043335374744077e-06,0.0,0.0,0.0
1546,7.882453961168981e-06,0.0,0.0,0.0
1547,7.882453961168981e-06,0.0,0.0,0.0
1548,7.882453961168981e-06,0.0,0.0,0.0
1549,4.873161287832772e-06,0.0,0.0,0.0
1550,2.4325606513489868e-05,0.0,0.0,0.0
1551,2.0291563812082002e-05,0.0,0.0,0.0
1552,2.389711887319988e-05,0.0,0.0,0.0
1553,2.3058000286774976e-05,0.0,0.0,0.0
1554,2.3058000286774976e-05,0.0,0.0,0.0
1555,2.3058000286774976e-05,0.0,0.0,0.0
1556,2.3058000286774976e-05,0.0,0.0,0.0
1557,3.605555061117879e-06,0.0,0.0,0.0
1558,2.0656771084759384e-05,0.0,0.0,0.0
1559,1.7051216023641507e-05,0.0,0.0,0.0
1560,2.2884189093019813e-05,0.0,0.0,0.0
1561,3.820070456380823e-05,0.0,0.0,0.0
1562,3.820070456380823e-05,0.0,0.0,0.0
1563,3.820070456380823e-05,0.0,0.0,0.0
1564,3.820070456380823e-05,0.0,0.0,0.0
1565,2.1149488540166722e-05,0.0,0.0,0.0
1566,2.1149488540166722e-05,0.0,0.0,0.0
1567,1.5316515470788416e-05,0.0,0.0,0.0
1568,0.0,0.0,0.0,0.0
1569,4.456231960960265e-06,0.0,0.0,0.0
1570,4.456231960960265e-06,0.0,0.0,0.0
1571,4.456231960960265e-06,0.0,0.0,0.0
1572,4.456231960960265e-06,0.0,0.0,0.0
1573,4.456231960960265e-06,0.0,0.0,0.0
1574,4.456231960960265e-06,0.0,0.0,0.0
1575,4.456231960960265e-06,0.0,0.0,0.0
1576,9.013608957632511e-07,0.0,0.0,0.0
1577,9.013608957632511e-07,0.0,0.0,0.0
1578,4.5150574935957725e-06,0.0,0.0,0.0
1579,5.16181229873577e-06,0.0,0.0,0.0
1580,5.16181229873577e-06,0.0,0.0,0.0
1581,5.16181229873577e-06,0.0,0.0,0.0
1582,6.8377377959093015e-06,0.0,0.0,0.0
1583,6.416999505225769e-06,0.0,0.0,0.0
1584,1.0013445846977578e-05,0.0,0.0,0.0
1585,7.343339672973213e-06,0.0,0.0,0.0
1586,6.696584867833215e-06,0.0,0.0,0.0
1587,7.734823546862962e-06,0.0,0.0,0.0
1588,9.743340992177504e-06,0.0,0.0,0.0
1589,8.814321388074728e-06,0.0,0.0,0.0
1590,1.041350398216829e-05,0.0,0.0,0.0
1591,7.350124568412346e-06,0.0,0.0,0.0
1592,7.600477731882295e-06,0.0,0.0,0.0
1593,8.71686143000261e-06,0.0,0.0,0.0
1594,8.181517517056949e-06,0.0,0.0,0.0
1595,7.074594252896661e-06,0.0,0.0,0.0
1596,6.748524810973322e-06,0.0,0.0,0.0
1597,8.784830697550206e-06,0.0,0.0,0.0
1598,9.799950865791679e-06,0.0,0.0,0.0
1599,1.2379164023254166e-05,0.0,0.0,0.0
1600,1.3605914123867738e-05,0.0,0.0,0.0
1601,2.5408422386265427e-05,0.0,0.0,0.0
1602,6.0003073875642645e-05,0.0,0.0,0.0
1603,6.04064576431743e-05,0.0,0.0,0.0
1604,5.714169817240743e-05,0.0,0.0,0.0
1605,6.155266640104986e-05,0.0,1.1243689154330891e-07,1.1243689154330891e-07
1606,5.8980711271163144e-05,0.0,1.1243689154330891e-07,1.1243689154330891e-07
1607,5.738407454763157e-05,0.0,1.1243689154330891e-07,1.1243689154330891e-07
1608,4.607705951847103e-05,0.0,1.1243689154330891e-07,1.1243689154330891e-07
1609,1.1901531641862156e-05,0.0,1.1243689154330891e-07,1.1243689154330891e-07
1610,1.2606690558771203e-05,0.0,2.3988515554914815e-07,2.3988515554914815e-07
1611,1.2779461745334889e-05,0.0,2.3988515554914815e-07,2.3988515554914815e-07
1612,8.434310789847846e-06,0.0,1.2744826400583926e-07,1.2744826400583926e-07
1613,7.392919656012964e-06,0.0,1.2744826400583926e-07,1.2744826400583926e-07
1614,9.283300560777466e-06,0.0,1.2744826400583926e-07,1.2744826400583926e-07
1615,9.046799066579427e-06,0.0,1.2744826400583926e-07,1.2744826400583926e-07
1616,9.16777940217019e-06,0.0,1.2744826400583926e-07,1.2744826400583926e-07
1617,8.009024262329539e-06,0.0,0.0,0.0
1618,7.871195732280154e-06,0.0,0.0,0.0
1619,7.27000186933375e-06,0.0,0.0,0.0
1620,7.311669215986123e-06,0.0,0.0,0.0
1621,5.031627227123993e-06,0.0,0.0,0.0
1622,4.340089130242372e-06,0.0,0.0,0.0
1623,9.633746003601118e-06,0.0,0.0,0.0
1624,1.3593755608910993e-05,0.0,0.0,0.0
1625,1.4784078627729156e-05,0.0,0.0,0.0
1626,3.46668538051225e-05,0.0,0.0,0.0
1627,3.4625147317716e-05,0.0,0.0,0.0
1628,3.459586944895169e-05,0.0,0.0,0.0
1629,3.551587319959383e-05,0.0,0.0,0.0
1630,2.878051819672172e-05,0.0,0.0,0.0
1631,3.59559218168215e-05,0.0,0.0,0.0
1632,3.488719200309528e-05,0.0,0.0,0.0
1633,1.41286991168142e-05,0.0,0.0,0.0
1634,1.4832854909790122e-05,0.0,0.0,0.0
1635,1.5328493954517137e-05,0.0,0.0,0.0
1636,1.5032897067612794e-05,0.0,0.0,0.0
1637,1.5545017942843386e-05,0.0,0.0,0.0
1638,4.8470011506651645e-06,0.0,0.0,0.0
1639,4.228464815371678e-06,0.0,0.0,0.0
1640,4.399796190617573e-06,0.0,0.0,0.0
1641,3.953923656549055e-06,0.0,0.0,0.0
1642,3.5625258273544854e-06,0.0,0.0,0.0
1643,2.8677705553751106e-06,0.0,0.0,0.0
1644,2.9056184627864112e-06,0.0,0.0,0.0
1645,2.883467329541288e-06,0.0,0.0,0.0
1646,2.695593008996054e-06,0.0,0.0,0.0
1647,3.947852129775649e-06,0.0,0.0,0.0
1648,5.180370083378096e-06,0.0,0.0,0.0
1649,5.92198742716781e-06,0.0,0.0,0.0
1650,6.800390143065929e-06,0.0,0.0,0.0
1651,6.8954225948151105e-06,0.0,0.0,0.0
1652,7.111638459329177e-06,0.0,5.567139688927065e-08,5.567139688927065e-08
1653,7.890046747758919e-06,0.0,5.567139688927065e-08,5.567139688927065e-08
1654,6.910128052238308e-06,0.0,5.567139688927065e-08,5.567139688927065e-08
1655,5.550070714629588e-06,0.0,5.567139688927065e-08,5.567139688927065e-08
1656,5.056264009389062e-06,0.0,1.0097872810937198e-07,1.0097872810937198e-07
1657,4.567123336788167e-06,0.0,1.0097872810937198e-07,1.0097872810937198e-07
1658,4.082969001371696e-06,0.0,1.0097872810937198e-07,1.0097872810937198e-07
1659,4.978747743475001e-06,0.0,4.530733122010133e-08,4.530733122010133e-08
1660,5.041135052254374e-06,0.0,4.530733122010133e-08,4.530733122010133e-08
1661,4.460370454190914e-06,0.0,4.530733122010133e-08,4.530733122010133e-08
1662,4.291654818189272e-06,0.0,4.530733122010133e-08,4.530733122010133e-08
1663,4.4660795960485955e-06,0.0,0.0,0.0
1664,4.391241402247813e-06,0.0,0.0,0.0
1665,4.715402302021435e-06,0.0,0.0,0.0
1666,3.3768159905126334e-06,0.0,0.0,0.0
1667,2.4643528360814216e-06,0.0,0.0,0.0
1668,2.770625339313223e-06,0.0,0.0,0.0
1669,3.128091236703767e-06,0.0,0.0,0.0
1670,2.351354818789072e-06,0.0,0.0,0.0
1671,2.193371739979609e-06,0.0,0.0,0.0
1672,1.8313669443159597e-06,0.0,0.0,0.0
1673,1.2968322238293695e-06,0.0,0.0,0.0
1674,1.5573892600936494e-06,0.0,0.0,0.0
1675,1.5256647531357106e-06,0.0,0.0,0.0
1676,1.1752388076047282e-06,0.0,0.0,0.0
1677,1.1986990691476812e-06,0.0,0.0,0.0
1678,1.2414440046118865e-06,0.0,0.0,0.0
1679,1.1876563092982906e-06,0.0,0.0,0.0
1680,1.2715250120111575e-06,0.0,0.0,0.0
1681,1.8209443299253638e-06,0.0,0.0,0.0
1682,1.707684597412091e-06,0.0,0.0,0.0
1683,2.284996371924665e-06,0.0,0.0,0.0
1684,2.2719025147515433e-06,0.0,0.0,0.0
1685,2.8607442702975405e-06,0.0,0.0,0.0
1686,3.565146714988389e-06,0.0,2.762920660513503e-08,2.762920660513503e-08
1687,3.580135406926794e-06,0.0,2.762920660513503e-08,2.762920660513503e-08
1688,2.73353294590249e-06,0.0,2.762920660513503e-08,2.762920660513503e-08
1689,2.9195275357908812e-06,0.0,2.762920660513503e-08,2.762920660513503e-08
1690,2.6287820560355613e-06,0.0,2.762920660513503e-08,2.762920660513503e-08
1691,2.663447584641939e-06,0.0,2.762920660513503e-08,2.762920660513503e-08
1692,2.1594366736670575e-06,0.0,2.762920660513503e-08,2.762920660513503e-08
1693,3.0787834118330337e-06,0.0,0.0,0.0
1694,3.1014964503940845e-06,0.0,0.0,0.0
1695,3.101354114473257e-06,0.0,0.0,0.0
1696,2.817055043838731e-06,0.0,0.0,0.0
1697,3.1877862300331927e-06,0.0,0.0,0.0
1698,3.635875836088027e-06,0.0,1.0371270572509924e-08,1.0371270572509924e-08
1699,3.3518592853657277e-06,0.0,1.0371270572509924e-08,1.0371270572509924e-08
1700,1.7238840582324753e-06,0.0,1.0371270572509924e-08,1.0371270572509924e-08
1701,1.5969042733234216e-06,0.0,1.0371270572509924e-08,1.0371270572509924e-08
1702,1.6117298896136032e-06,0.0,1.0371270572509924e-08,1.0371270572509924e-08
1703,1.6370757854084722e-06,0.0,1.0371270572509924e-08,1.0371270572509924e-08
1704,9.54879969380532e-07,0.0,1.0371270572509924e-08,1.0371270572509924e-08
1705,1.4284498328314449e-06,0.0,0.0,0.0
1706,1.8160882331942827e-06,0.0,0.0,0.0
1707,1.884775948773105e-06,0.0,0.0,0.0
1708,1.9715469729167775e-06,0.0,0.0,0.0
1709,1.9959557156263533e-06,0.0,0.0,0.0
1710,2.1830664098030994e-06,0.0,0.0,0.0
1711,2.2342024733136767e-06,0.0,0.0,0.0
1712,1.2228029951139824e-06,0.0,0.0,0.0
1713,1.1380690117286058e-06,0.0,0.0,0.0
1714,1.2245390743308754e-06,0.0,0.0,0.0
1715,1.3222368977494625e-06,0.0,0.0,0.0
1716,1.4290455924635483e-06,0.0,0.0,0.0
1717,1.4057716068042022e-06,0.0,0.0,0.0
1718,1.5990734019461733e-06,0.0,0.0,0.0
1719,1.8167082446650186e-06,0.0,0.0,0.0
1720,2.202449569007773e-06,0.0,0.0,0.0
1721,2.4115453730441265e-06,0.0,0.0,0.0
1722,2.4627533678410274e-06,0.0,0.0,0.0
1723,2.730033949254513e-06,0.0,6.175176179924944e-09,6.175176179924944e-09
1724,2.8242518348114184e-06,0.0,6.175176179924944e-09,6.175176179924944e-09
1725,2.8361674822008354e-06,0.0,6.175176179924944e-09,6.175176179924944e-09
1726,2.9372547812402317e-06,0.0,6.175176179924944e-09,6.175176179924944e-09
1727,2.590744835677989e-06,0.0,6.175176179924944e-09,6.175176179924944e-09
1728,2.725223696740743e-06,0.0,6.175176179924944e-09,6.175176179924944e-09
1729,2.96085555159412e-06,0.0,6.175176179924944e-09,6.175176179924944e-09
1730,3.0027680233095973e-06,0.0,8.18323796027341e-09,8.18323796027341e-09
1731,2.7957185336293022e-06,0.0,8.18323796027341e-09,8.18323796027341e-09
1732,2.8985546123294625e-06,0.0,8.18323796027341e-09,8.18323796027341e-09
1733,3.123273342810405e-06,0.0,1.520800755169408e-08,1.520800755169408e-08
1734,3.7567048301363163e-06,0.0,1.520800755169408e-08,1.520800755169408e-08
1735,5.663348994338386e-06,0.0,1.520800755169408e-08,1.520800755169408e-08
1736,5.387687451730017e-06,0.0,2.072033262428314e-08,2.072033262428314e-08
1737,6.182206431861102e-06,0.0,1.2537094664009731e-08,1.2537094664009731e-08
1738,6.652463265969086e-06,0.0,1.2537094664009731e-08,1.2537094664009731e-08
1739,7.06167991536079e-06,0.0,1.2537094664009731e-08,1.2537094664009731e-08
1740,7.683613375775167e-06,0.0,1.2999603679223322e-08,1.2999603679223322e-08
1741,7.028879021423304e-06,0.0,1.2999603679223322e-08,1.2999603679223322e-08
1742,1.694336963607514e-05,0.0,1.2999603679223322e-08,1.2999603679223322e-08
1743,1.7547057430939666e-05,0.0,1.7118672194068755e-08,1.7118672194068755e-08
1744,1.78782840976055e-05,0.0,1.7118672194068755e-08,1.7118672194068755e-08
1745,1.8316414070795872e-05,0.0,1.7118672194068755e-08,1.7118672194068755e-08
1746,2.0784289355495794e-05,0.0,1.7118672194068755e-08,1.7118672194068755e-08
1747,2.1025391203823218e-05,0.0,1.379054534059573e-08,1.379054534059573e-08
1748,2.195662597971802e-05,0.0,1.379054534059573e-08,1.379054534059573e-08
1749,1.0389390744031906e-05,0.0,1.379054534059573e-08,1.379054534059573e-08
1750,1.399761965460909e-05,0.0,4.159151753161236e-09,4.159151753161236e-09
1751,1.3876172358452874e-05,0.0,7.72829038859462e-09,7.72829038859462e-09
1752,1.4793340142205125e-05,0.0,1.552547068683907e-08,1.552547068683907e-08
1753,1.3530240006990166e-05,0.0,1.552547068683907e-08,1.552547068683907e-08
1754,1.467274387323414e-05,0.0,1.1366318933677836e-08,1.1366318933677836e-08
1755,1.6514882385568592e-05,0.0,1.1366318933677836e-08,1.1366318933677836e-08
1756,2.0812029106309637e-05,0.0,1.1366318933677836e-08,1.1366318933677836e-08
1757,2.2335302803964752e-05,0.0,1.4411442198333394e-08,1.4411442198333394e-08
1758,2.505876415982909e-05,0.0,1.3949888355568874e-08,1.3949888355568874e-08
1759,2.9769682311910272e-05,0.0,6.1527080573244214e-09,6.1527080573244214e-09
1760,3.239785655750893e-05,0.0,6.1527080573244214e-09,6.1527080573244214e-09
1761,3.513427327561658e-05,0.0,6.1527080573244214e-09,6.1527080573244214e-09
1762,3.4221006249676324e-05,0.0,6.1527080573244214e-09,6.1527080573244214e-09
1763,3.2580775950918905e-05,0.0,6.1527080573244214e-09,6.1527080573244214e-09
1764,3.072576510021463e-05,0.0,5.918264481660376e-09,5.918264481660376e-09
1765,3.0564310561333385e-05,2.9474084125727782e-09,1.1652904926709847e-08,1.1652904926709847e-08
1766,3.046613762437898e-05,2.9474084125727782e-09,1.5053957065041297e-08,1.5053957065041297e-08
1767,3.098733213846572e-05,2.9474084125727782e-09,1.7998459357824814e-08,1.7998459357824814e-08
1768,2.9440536049410832e-05,2.9474084125727782e-09,1.7998459357824814e-08,1.7998459357824814e-08
1769,3.032718034644079e-05,2.9474084125727782e-09,1.7998459357824814e-08,1.7998459357824814e-08
1770,3.126062983938027e-05,2.9474084125727782e-09,2.088138094182211e-08,2.088138094182211e-08
1771,3.0964374673203565e-05,2.9474084125727782e-09,1.8070701252830597e-08,1.8070701252830597e-08
1772,3.09778967805739e-05,0.0,9.228476015112262e-09,9.228476015112262e-09
1773,2.9969541563852025e-05,0.0,5.827423876780813e-09,5.827423876780813e-09
1774,2.948132740649661e-05,0.0,5.5553847236719125e-09,5.5553847236719125e-09
1775,3.0967550628702156e-05,0.0,8.444073884561476e-09,8.444073884561476e-09
1776,3.210142754791637e-05,0.0,8.444073884561476e-09,8.444073884561476e-09
1777,3.404895401867439e-05,0.0,5.5611523005641825e-09,5.5611523005641825e-09
1778,3.5945831249201933e-05,0.0,5.5611523005641825e-09,5.5611523005641825e-09
1779,3.5585966803150117e-05,0.0,5.5611523005641825e-09,5.5611523005641825e-09
1780,3.457636895681e-05,0.0,5.5611523005641825e-09,5.5611523005641825e-09
1781,3.426174355679125e-05,0.0,6.713722910944853e-09,6.713722910944853e-09
1782,3.35364095787684e-05,0.0,5.983167231501543e-09,5.983167231501543e-09
1783,3.332751293783076e-05,0.0,1.2506964606830349e-08,1.2506964606830349e-08
1784,3.1196429647804636e-05,0.0,1.4171436722522555e-08,1.4171436722522555e-08
1785,3.055566152657515e-05,0.0,1.4171436722522555e-08,1.4171436722522555e-08
1786,3.2200078879083905e-05,0.0,1.6851633358580135e-08,1.6851633358580135e-08
1787,3.4560509707911736e-05,0.0,1.8140774977431258e-08,1.8140774977431258e-08
1788,3.7150429437003497e-05,2.6131041457639573e-09,1.4315741227375968e-08,1.4315741227375968e-08
1789,4.081206861883402e-05,2.6131041457639573e-09,1.5647762197090742e-08,1.5647762197090742e-08
1790,4.380435659965899e-05,3.717952549006246e-09,1.0228813225004224e-08,1.0228813225004224e-08
1791,4.807652606229697e-05,3.717952549006246e-09,9.650307346882009e-09,9.650307346882009e-09
1792,5.018227602704428e-05,3.717952549006246e-09,1.2915093375706225e-08,1.2915093375706225e-08
1793,5.080013007890167e-05,3.717952549006246e-09,1.22069409818388e-08,1.22069409818388e-08
1794,5.0635382129777486e-05,3.717952549006246e-09,1.4909741631795115e-08,1.4909741631795115e-08
1795,5.091154889669269e-05,1.1048484032422883e-09,1.5823013756387028e-08,1.5823013756387028e-08
1796,5.0693764933384955e-05,1.1048484032422883e-09,1.4229182530657778e-08,1.4229182530657778e-08
1797,5.128414704813622e-05,0.0,1.3691257778296923e-08,1.3691257778296923e-08
1798,5.084592027872402e-05,0.0,1.491991825324541e-08,1.491991825324541e-08
1799,5.197517592543071e-05,0.0,1.5259749781242656e-08,1.5259749781242656e-08
1800,5.1945489498653584e-05,0.0,1.5346025022162328e-08,1.5346025022162328e-08
1801,5.163424222181285e-05,0.0,1.5533146959155275e-08,1.5533146959155275e-08
1802,5.044962901073242e-05,0.0,1.93952696443083e-08,1.93952696443083e-08
1803,4.97562406443259e-05,0.0,1.8902946255902212e-08,1.8902946255902212e-08
1804,5.0151462866259476e-05,3.0507755052358986e-10,2.0776643009209498e-08,2.0776643009209498e-08
1805,4.844116587524435e-05,3.0507755052358986e-10,2.0539436310481766e-08,2.0539436310481766e-08
1806,4.731582781200164e-05,3.0507755052358986e-10,2.0554520117700903e-08,2.0554520117700903e-08
1807,4.8322868159240375e-05,3.0507755052358986e-10,2.1006855429764722e-08,2.1006855429764722e-08
1808,4.899307428526559e-05,3.0507755052358986e-10,2.2005781577913045e-08,2.2005781577913045e-08
1809,4.860987766213449e-05,3.0507755052358986e-10,1.8677785286667714e-08,1.8677785286667714e-08
1810,5.0407921142842884e-05,3.0507755052358986e-10,2.2722226639919947e-08,2.2722226639919947e-08
1811,5.08248943203528e-05,0.0,2.2625445644004165e-08,2.2625445644004165e-08
1812,5.444121727902841e-05,7.161248102452841e-10,2.1264150440458707e-08,2.1264150440458707e-08
1813,5.455619455980403e-05,7.161248102452841e-10,1.9584243179541057e-08,1.9584243179541057e-08
1814,5.601865632343106e-05,7.161248102452841e-10,2.0625876752587502e-08,2.0625876752587502e-08
1815,5.823920998539377e-05,7.161248102452841e-10,1.9117559979520138e-08,1.9117559979520138e-08
1816,6.226039996753181e-05,1.2866429826325592e-09,2.109327036846155e-08,2.109327036846155e-08
1817,6.292794413249274e-05,1.2866429826325592e-09,1.71869573810974e-08,1.71869573810974e-08
1818,6.248124814841763e-05,1.2866429826325592e-09,1.860285005404551e-08,1.860285005404551e-08
1819,6.491939348052256e-05,5.705181723872751e-10,2.029148430234987e-08,2.029148430234987e-08
1820,6.580125045729801e-05,5.705181723872751e-10,2.3068392148875968e-08,2.3068392148875968e-08
1821,6.601116391331223e-05,6.990724269303631e-10,2.2729960136302907e-08,2.2729960136302907e-08
1822,6.638617716297241e-05,8.238413284900048e-10,2.1430895661264263e-08,2.1430895661264263e-08
1823,6.454886533902027e-05,8.151742297053082e-10,1.9693340038072294e-08,1.9693340038072294e-08
1824,6.631332455851537e-05,9.492942463852826e-10,2.338189248567752e-08,2.338189248567752e-08
1825,6.814956058016313e-05,9.492942463852826e-10,2.1901262771604835e-08,2.1901262771604835e-08
1826,6.575620708255363e-05,1.0677924893493745e-09,2.234046167107603e-08,2.234046167107603e-08
1827,6.76723694985932e-05,1.0677924893493745e-09,2.0656307394720637e-08,2.0656307394720637e-08
1828,6.78850020839101e-05,1.0495675439869956e-09,2.0421342331441598e-08,2.0421342331441598e-08
1829,6.634562097523096e-05,9.247986424273538e-10,2.219691554371041e-08,2.219691554371041e-08
1830,6.903091239759565e-05,4.5825211086076527e-10,2.4895371351720186e-08,2.4895371351720186e-08
1831,6.79191762174014e-05,3.2413209418079095e-10,2.514547579681091e-08,2.514547579681091e-08
1832,6.801409420274598e-05,3.2413209418079095e-10,2.533570762709912e-08,2.533570762709912e-08
1833,6.784563187725976e-05,2.05633851216699e-10,2.645070626020437e-08,2.645070626020437e-08
1834,6.742120967828669e-05,2.05633851216699e-10,2.7072807234113886e-08,2.7072807234113886e-08
1835,6.834842133685015e-05,2.628713437400977e-10,2.8199302702449003e-08,2.8199302702449003e-08
1836,6.99408192303963e-05,3.379325232342824e-10,3.1934544151925234e-08,3.1934544151925234e-08
1837,6.907884068953405e-05,2.4262798119829247e-10,3.196469552538669e-08,3.196469552538669e-08
1838,6.945830786467663e-05,2.4262798119829247e-10,3.04528493850447e-08,3.04528493850447e-08
1839,7.055828401852133e-05,2.4262798119829247e-10,3.230305724498196e-08,3.230305724498196e-08
1840,7.035597601705896e-05,2.4262798119829247e-10,3.129195340940376e-08,3.129195340940376e-08
1841,7.133700793409454e-05,2.4262798119829247e-10,3.071631964652559e-08,3.071631964652559e-08
1842,7.13297984995214e-05,7.506117949418467e-11,2.8800288630139092e-08,2.8800288630139092e-08
1843,7.144667844321313e-05,0.0,2.4132016765828927e-08,2.4132016765828927e-08
1844,7.112599476905806e-05,2.0034856313649081e-10,2.4259090736222788e-08,2.4259090736222788e-08
1845,7.019264116284571e-05,2.0034856313649081e-10,2.3760567608681933e-08,2.3760567608681933e-08
1846,6.872275220562838e-05,2.0034856313649081e-10,2.4332563138987747e-08,2.4332563138987747e-08
1847,6.920520224541958e-05,2.0034856313649081e-10,2.441498355868329e-08,2.441498355868329e-08
1848,6.861720404620948e-05,2.0034856313649081e-10,2.3687538787596296e-08,2.3687538787596296e-08
1849,6.84588511441169e-05,2.540880997666964e-10,2.4077680801529563e-08,2.4077680801529563e-08
1850,6.927906672769626e-05,3.9649783456496834e-10,2.4045012837957203e-08,2.4045012837957203e-08
1851,7.113717999475609e-05,2.890064616194772e-10,2.1500207963193977e-08,2.1500207963193977e-08
1852,7.220397466361257e-05,2.890064616194772e-10,2.1215171207091188e-08,2.1215171207091188e-08
1853,7.392929442825594e-05,2.890064616194772e-10,1.8881378619336634e-08,1.8881378619336634e-08
1854,7.448017380998604e-05,2.890064616194772e-10,1.9184228174294404e-08,1.9184228174294404e-08
1855,7.466663269691967e-05,3.415082105995282e-10,2.0087766497819563e-08,2.0087766497819563e-08
1856,7.567682769149542e-05,7.847567119943579e-10,2.1136281423496583e-08,2.1136281423496583e-08
1857,7.412897061190702e-05,7.386154307223844e-10,2.166213303971582e-08,2.166213303971582e-08
1858,7.217414427681692e-05,6.457582405313847e-10,2.1566619474404954e-08,2.1566619474404954e-08
1859,7.020097421315898e-05,7.066876290500496e-10,2.0270051415138823e-08,2.0270051415138823e-08
1860,6.804946211299725e-05,7.066876290500496e-10,1.960315782716699e-08,1.960315782716699e-08
1861,6.58190251020382e-05,7.631743094625523e-10,1.8755449130277872e-08,1.8755449130277872e-08
1862,6.457424595802357e-05,7.106725604825012e-10,1.85648455338797e-08,1.85648455338797e-08
1863,6.347772796289064e-05,2.6142240356590614e-10,1.8660387647782628e-08,1.8660387647782628e-08
1864,6.47905892817237e-05,1.6515395003960772e-10,2.074675225267291e-08,2.074675225267291e-08
1865,6.599107551405073e-05,1.6515395003960772e-10,2.2958905506901114e-08,2.2958905506901114e-08
1866,6.786074092295686e-05,1.484641814248582e-10,2.4697743279083236e-08,2.4697743279083236e-08
1867,6.872330569811831e-05,1.9167663884671933e-10,2.5831763902520573e-08,2.5831763902520573e-08
1868,7.066692445992626e-05,5.384952523573056e-10,2.6841662353100608e-08,2.6841662353100608e-08
1869,7.07651031137045e-05,5.384952523573056e-10,2.571686597008238e-08,2.571686597008238e-08
1870,7.075379003903695e-05,4.907573712488653e-10,2.482315394506226e-08,2.482315394506226e-08
1871,7.010226649331994e-05,6.124855543378414e-10,2.093752866321503e-08,2.093752866321503e-08
1872,6.99729540169106e-05,6.943889748914752e-10,1.833967263767785e-08,1.833967263767785e-08
1873,6.951031017316771e-05,6.501493549875598e-10,1.697453149469246e-08,1.697453149469246e-08
1874,6.976358833656247e-05,6.069368975656988e-10,1.7208398008148962e-08,1.7208398008148962e-08
1875,6.949402242233711e-05,2.0363160364260986e-10,1.5799067070482968e-08,1.5799067070482968e-08
1876,7.066903968474694e-05,4.336235021844865e-10,1.566096192411643e-08,1.566096192411643e-08
1877,7.159873868139195e-05,5.384785157452094e-10,1.5767059657889604e-08,1.5767059657889604e-08
1878,7.352897539801364e-05,5.618917712065955e-10,1.8359369262961015e-08,1.8359369262961015e-08
1879,7.389607760290216e-05,5.847297883982655e-10,1.960234742780033e-08,1.960234742780033e-08
1880,7.448341368996938e-05,5.847297883982655e-10,1.97076810743673e-08,1.97076810743673e-08
1881,7.358040706354327e-05,6.478609791495314e-10,1.8974190092129513e-08,1.8974190092129513e-08
1882,7.385133877895507e-05,8.423184451520984e-10,1.980507072626584e-08,1.980507072626584e-08
1883,7.250519826941724e-05,6.444491745805081e-10,2.028417408642521e-08,2.028417408642521e-08
1884,7.130619425359847e-05,5.701050683125177e-10,1.8782246234496014e-08,1.8782246234496014e-08
1885,6.812660493389038e-05,5.410567410768508e-10,1.692398005863944e-08,1.692398005863944e-08
1886,6.667363881466113e-05,4.6390391924714235e-10,1.5903871489594427e-08,1.5903871489594427e-08
1887,6.550604926555284e-05,4.6390391924714235e-10,1.5691479861499957e-08,1.5691479861499957e-08
1888,6.617786129936576e-05,5.357869346602127e-10,1.5488476786832247e-08,1.5488476786832247e-08
1889,6.569264119856857e-05,6.03038408890961e-10,1.4220380936283813e-08,1.4220380936283813e-08
1890,6.687542814428784e-05,6.215071612120887e-10,1.3558598434469462e-08,1.3558598434469462e-08
1891,6.683546962449327e-05,6.422063575373116e-10,1.4044964683331988e-08,1.4044964683331988e-08
1892,6.754870888211631e-05,5.485848283573855e-10,1.302180027299268e-08,1.302180027299268e-08
1893,6.766499011843865e-05,7.054896012619644e-10,1.30825279498481e-08,1.30825279498481e-08
1894,6.696844190758253e-05,7.496731469729718e-10,1.2561869512848846e-08,1.2561869512848846e-08
1895,6.618795305257663e-05,7.205149790293472e-10,1.2187376187609646e-08,1.2187376187609646e-08
1896,6.538276855800567e-05,4.781864646316184e-10,1.3872043196678468e-08,1.3872043196678468e-08
1897,6.467169857517417e-05,4.647485947671472e-10,1.4612367062381639e-08,1.4612367062381639e-08
1898,6.44116652048459e-05,5.217675042024084e-10,1.4802453865822177e-08,1.4802453865822177e-08
1899,6.466825600780015e-05,6.814349878021225e-10,1.5005890625323966e-08,1.5005890625323966e-08
1900,6.340301375270688e-05,6.95718244918859e-10,1.5447835011173083e-08,1.5447835011173083e-08
1901,6.533254574086251e-05,7.543548167073969e-10,1.7274654468784386e-08,1.7274654468784386e-08
1902,6.471512200992688e-05,7.518085202004191e-10,1.727257004091598e-08,1.727257004091598e-08
1903,6.541311605750317e-05,9.077586856801442e-10,1.530990318648102e-08,1.530990318648102e-08
1904,6.464952457463369e-05,1.1084112675315998e-09,1.4615297797401387e-08,1.4615297797401387e-08
1905,6.398804855832298e-05,1.0764165669918668e-09,1.5157786010482662e-08,1.5157786010482662e-08
1906,6.268090926044221e-05,1.0494273624698077e-09,1.567915828916609e-08,1.567915828916609e-08
1907,6.249368379940279e-05,1.055753159498859e-09,1.5137823566086743e-08,1.5137823566086743e-08
1908,5.960301963828637e-05,1.0901775751978197e-09,1.3336871797418683e-08,1.3336871797418683e-08
1909,5.911939764960802e-05,1.041991869772068e-09,1.3761538575352006e-08,1.3761538575352006e-08
1910,5.778895969602412e-05,9.768523965915575e-10,1.4622142227186226e-08,1.4622142227186226e-08
1911,5.708521608279885e-05,9.34737354978716e-10,1.561330658412479e-08,1.561330658412479e-08
1912,5.731070476550875e-05,9.7381590489855e-10,1.5497235621759435e-08,1.5497235621759435e-08
1913,5.8164792010627154e-05,9.044535557009173e-10,1.527056474921145e-08,1.527056474921145e-08
1914,5.8435704496722405e-05,7.724335575926793e-10,1.5339739764134005e-08,1.5339739764134005e-08
1915,5.8147199784538574e-05,7.626988049061875e-10,1.5639543755290626e-08,1.5639543755290626e-08
1916,5.7918693138552566e-05,7.978859398579833e-10,1.5587197056886126e-08,1.5587197056886126e-08
1917,5.694730186535578e-05,7.994206963068962e-10,1.5338961212307822e-08,1.5338961212307822e-08
1918,5.6214217953051305e-05,7.61912271369474e-10,1.47826690571102e-08,1.47826690571102e-08
1919,5.5282891220745766e-05,7.318338871417243e-10,1.539946176925306e-08,1.539946176925306e-08
1920,5.420325916410158e-05,8.316596141913887e-10,1.5093098834232218e-08,1.5093098834232218e-08
1921,5.348640791323435e-05,7.585771693336645e-10,1.5713990362899366e-08,1.5713990362899366e-08
1922,5.39597261065085e-05,6.552186848640673e-10,1.5685631206606232e-08,1.5685631206606232e-08
1923,5.349989909778482e-05,5.894609582192598e-10,1.5503794184975765e-08,1.5503794184975765e-08
1924,5.5036090738472664e-05,5.998427330241743e-10,1.652450823793775e-08,1.652450823793775e-08
1925,5.530307628630128e-05,4.6466528244185467e-10,1.7047583281534377e-08,1.7047583281534377e-08
1926,5.56059401008367e-05,4.4819969164627034e-10,1.6254972859793985e-08,1.6254972859793985e-08
1927,5.601920513851967e-05,3.3080158453760843e-10,1.608240702515624e-08,1.608240702515624e-08
1928,5.6259842364982304e-05,4.448490147674582e-10,1.5449250767574085e-08,1.5449250767574085e-08
1929,5.567263308746208e-05,4.459835159905826e-10,1.5084866435342648e-08,1.5084866435342648e-08
1930,5.619328918068537e-05,4.486574643548989e-10,1.4228404105714226e-08,1.4228404105714226e-08
1931,5.482791207863816e-05,3.790158345903397e-10,1.26149053108244e-08,1.26149053108244e-08
1932,5.54569523956161e-05,4.269403977178296e-10,1.228571035381622e-08,1.228571035381622e-08
1933,5.518157039270071e-05,4.740073036460909e-10,1.1685349196203073e-08,1.1685349196203073e-08
1934,5.453691431154896e-05,4.282600464731802e-10,1.1576001363826954e-08,1.1576001363826954e-08
1935,5.438111890855778e-05,3.364349493439889e-10,1.0975232278553904e-08,1.0975232278553904e-08
1936,5.406015926772463e-05,3.320865844218852e-10,1.0663758764906106e-08,1.0663758764906106e-08
1937,5.3150840228356954e-05,3.497440254074391e-10,1.0910155699507738e-08,1.0910155699507738e-08
1938,5.230795120171804e-05,3.407825073718586e-10,1.043340068309005e-08,1.043340068309005e-08
1939,5.048293938411267e-05,3.196408197649246e-10,9.832799463538322e-09,9.832799463538322e-09
1940,4.951989311458809e-05,3.0697807589558883e-10,9.361758479542459e-09,9.361758479542459e-09
1941,4.8105047816144566e-05,5.051387641508143e-10,9.350764353298148e-09,9.350764353298148e-09
1942,4.7037234513222105e-05,6.074566583873825e-10,9.042076547822425e-09,9.042076547822425e-09
1943,4.5827511972415126e-05,6.294258764987554e-10,9.266110037994428e-09,9.266110037994428e-09
1944,4.513739051097738e-05,5.845410425539147e-10,9.447444604404609e-09,9.447444604404609e-09
1945,4.460135304335771e-05,5.598059615070333e-10,1.027940615167771e-08,1.027940615167771e-08
1946,4.5225098542037555e-05,5.92758431624699e-10,9.513306269732474e-09,9.513306269732474e-09
1947,4.474599232448132e-05,5.889272343605003e-10,9.630986103863798e-09,9.630986103863798e-09
1948,4.513216533398788e-05,3.853986713098223e-10,9.328264827246358e-09,9.328264827246358e-09
1949,4.5293514891194976e-05,3.2888309337802164e-10,9.824878117419594e-09,9.824878117419594e-09
1950,4.637507091891686e-05,3.7057631764790347e-10,9.884316539857504e-09,9.884316539857504e-09
1951,4.680711676233581e-05,4.864200094299522e-10,9.732512763958669e-09,9.732512763958669e-09
1952,4.743141731263937e-05,4.990184872464911e-10,9.429880051417935e-09,9.429880051417935e-09
1953,4.7375340987595595e-05,5.417918593922774e-10,9.664189702464552e-09,9.664189702464552e-09
1954,4.8376095946878195e-05,5.295457425732611e-10,9.519734968575579e-09,9.519734968575579e-09
1955,4.8871079863082354e-05,6.139055038133025e-10,9.407198068142212e-09,9.407198068142212e-09
1956,4.95363087143882e-05,6.670929027428687e-10,1.0609164340686611e-08,1.0609164340686611e-08
1957,4.9671853048494086e-05,6.079804794532708e-10,1.1962272315559273e-08,1.1962272315559273e-08
1958,5.017101752205885e-05,5.873512509690926e-10,1.327499278756607e-08,1.327499278756607e-08
1959,5.2599730094828245e-05,7.366863765837347e-10,1.5073429869362698e-08,1.5073429869362698e-08
1960,5.3688292350021326e-05,6.746996513072392e-10,1.5945295750441346e-08,1.5945295750441346e-08
1961,5.434709912931014e-05,7.564374503760923e-10,1.6685898757933567e-08,1.6685898757933567e-08
1962,5.501178488235122e-05,8.284075469251156e-10,1.6992177950417694e-08,1.6992177950417694e-08
1963,5.503015823446081e-05,8.161379171684707e-10,1.6021438017535924e-08,1.6021438017535924e-08
1964,5.529105432547762e-05,8.805835663824471e-10,1.476539462126019e-08,1.476539462126019e-08
1965,5.520916498166376e-05,8.294445130729855e-10,1.3801116567029631e-08,1.3801116567029631e-08
1966,5.3386923225064364e-05,7.1908606053788e-10,1.2916299268234915e-08,1.2916299268234915e-08
1967,5.246312762860076e-05,9.032099036941434e-10,1.3457231392724874e-08,1.3457231392724874e-08
1968,5.165348972825866e-05,8.052287011775913e-10,1.3039061132401133e-08,1.3039061132401133e-08
1969,5.07906022124059e-05,7.754290146496804e-10,1.287002897904748e-08,1.287002897904748e-08
1970,4.985173550916703e-05,7.191036496426559e-10,1.2970292015016379e-08,1.2970292015016379e-08
1971,4.8539526947674207e-05,7.097286567971293e-10,1.2389715856439158e-08,1.2389715856439158e-08
1972,4.769745178886556e-05,7.699985886994958e-10,1.166823875615413e-08,1.166823875615413e-08
1973,4.667627373627121e-05,7.821949833873378e-10,1.0657113350528595e-08,1.0657113350528595e-08
1974,4.5806554615929986e-05,6.404615092238584e-10,9.362469847015324e-09,9.362469847015324e-09
1975,4.521896906745886e-05,6.507041810139518e-10,8.790836439739484e-09,8.790836439739484e-09
1976,4.4456261093728244e-05,6.356569080624906e-10,9.135203133630349e-09,9.135203133630349e-09
1977,4.397402153699659e-05,7.837001206719865e-10,9.25814288724577e-09,9.25814288724577e-09
1978,4.3625152881889206e-05,7.684214415564534e-10,1.019295923855777e-08,1.019295923855777e-08
1979,4.353910065089751e-05,7.45353108598325e-10,1.068468513665266e-08,1.068468513665266e-08
1980,4.3612611209807384e-05,7.49017241087811e-10,1.122010598716575e-08,1.122010598716575e-08
1981,4.362630508174854e-05,7.804360848049998e-10,1.129905210664869e-08,1.129905210664869e-08
1982,4.3156611354788765e-05,7.36398557212224e-10,1.158978766925754e-08,1.158978766925754e-08
1983,4.277794557440627e-05,6.744382076627278e-10,1.1228024224660008e-08,1.1228024224660008e-08
1984,4.276705190672406e-05,6.060886197684872e-10,1.0598852589233892e-08,1.0598852589233892e-08
1985,4.2725716671806625e-05,6.782566096065677e-10,1.0228262808149274e-08,1.0228262808149274e-08
1986,4.259887178445102e-05,7.42059263243127e-10,1.0357089281447834e-08,1.0357089281447834e-08
1987,4.208115154012505e-05,7.093539049802494e-10,1.0368803974155786e-08,1.0368803974155786e-08
1988,4.176442338835581e-05,1.4176495334781792e-09,1.059799270564099e-08,1.059799270564099e-08
1989,4.193596864102541e-05,1.4803722335278634e-09,1.0570755826222467e-08,1.0570755826222467e-08
1990,4.218453770071002e-05,1.6534183189254037e-09,1.2045614537571834e-08,1.2045614537571834e-08
1991,4.2410025863708665e-05,1.9152637452192677e-09,1.3136698586078767e-08,1.3136698586078767e-08
1992,4.249264903981904e-05,1.860526823874561e-09,1.3304085071703348e-08,1.3304085071703348e-08
1993,4.27903095052378e-05,1.8829224964925626e-09,1.3040437047655878e-08,1.3040437047655878e-08
1994,4.302667158689084e-05,1.8879509265458593e-09,1.220139081833541e-08,1.220139081833541e-08
1995,4.371974864625372e-05,1.106190230685097e-09,1.2581334513888415e-08,1.2581334513888415e-08
1996,4.394982014283804e-05,1.0757324832498328e-09,1.2829241732451432e-08,1.2829241732451432e-08
1997,4.449391209553661e-05,9.108466639659188e-10,1.1381267420570599e-08,1.1381267420570599e-08
1998,4.510887187539733e-05,5.802462201197147e-10,1.0178774141016739e-08,1.0178774141016739e-08
1999,4.5977648239516255e-05,5.951541204307631e-10,9.302059884268893e-09,9.302059884268893e-09
2000,4.675404073038537e-05,4.536409323582394e-10,8.52586211154614e-09,8.52586211154614e-09
2001,4.745932944518115e-05,4.356786023221712e-10,8.28367184370547e-09,8.28367184370547e-09
2002,4.7744920136340496e-05,4.1475571984797964e-10,7.073401420143455e-09,7.073401420143455e-09
2003,4.812070619664155e-05,3.918565254025706e-10,6.6985726172268704e-09,6.6985726172268704e-09
2004,4.841759437113069e-05,3.6249262520231847e-10,5.980162111539146e-09,5.980162111539146e-09
2005,4.8498382966499776e-05,3.2377993143737985e-10,5.51905819458552e-09,5.51905819458552e-09
2006,4.812224766023324e-05,2.7248068484071146e-10,5.4005252650820725e-09,5.4005252650820725e-09
2007,4.7861438880707805e-05,2.518856988066785e-10,5.034408096753802e-09,5.034408096753802e-09
2008,4.743759304152003e-05,2.2719309766827678e-10,4.678124142033977e-09,4.678124142033977e-09
2009,4.663436162185722e-05,2.1328542107060652e-10,4.547608607146409e-09,4.547608607146409e-09
2010,4.629829761272829e-05,1.8323777118649838e-10,3.892705396119871e-09,3.892705396119871e-09
2011,4.5967392777259063e-05,1.3781885652549723e-10,3.9291905284954964e-09,3.9291905284954964e-09
2012,4.59181896336044e-05,1.1831574708060748e-10,3.744128372419806e-09,3.744128372419806e-09
2013,4.583635849745146e-05,7.199659618484233e-11,3.1334910380717164e-09,3.1334910380717164e-09
2014,4.565034240450976e-05,1.237826854905144e-10,2.990912882440609e-09,2.990912882440609e-09
2015,4.606048033955241e-05,1.1334011754920198e-10,3.24729795434361e-09,3.24729795434361e-09
2016,4.7428285532597716e-05,9.055784941369716e-11,3.303022331836912e-09,3.303022331836912e-09
2017,4.7820147301536053e-05,8.654597582572847e-11,3.2756043803298476e-09,3.2756043803298476e-09
2018,4.8066804447444154e-05,1.0385517099087416e-10,3.1378037945728465e-09,3.1378037945728465e-09
2019,4.8153893658309244e-05,1.204742130708758e-10,3.2027089313935164e-09,3.2027089313935164e-09
